Date,Time,CPU001 User%,CPU001 Sys%,CPU001 Wait%,CPU001 CPU%,CPU002 User%,CPU002 Sys%,CPU002 Wait%,CPU002 CPU%,CPU_ALL User%,CPU_ALL Sys%,CPU_ALL Wait%,CPU_ALL CPU%,CPU_ALL Busy,CPU_ALL CPUs,DISKBSIZE sda,DISKBSIZE sda1,DISKBSIZE Total,DISKBUSY sda,DISKBUSY sda1,DISKREAD sda,DISKREAD sda1,DISKREAD Total,DISKWRITE sda,DISKWRITE sda1,DISKWRITE Total,DISKXFER sda,DISKXFER sda1,DISKXFER Total,JFSFILE /,JFSFILE /dev,JFSFILE /run,JFSFILE /,JFSFILE /dev/mqueue,JFSFILE /dev/hugepages,JFSFILE /run/user/0,MEM memtotal,MEM hightotal,MEM lowtotal,MEM swaptotal,MEM memfree,MEM highfree,MEM lowfree,MEM swapfree,MEM memshared,MEM cached,MEM active,MEM bigfree,MEM buffers,MEM swapcached,MEM inactive,MEM swapused,NET eth0-read-KB/s,NET lo-read-KB/s,NET eth0-write-KB/s,NET lo-write-KB/s,NETETOTAL total-read-KB/s,NETETOTAL total-write-KB/s,NETETOTAL total-KB/s,NETETOTAL total-read-packets/s,NETETOTAL total-write-packets/s,NETETOTAL total-packets/s,NETPACKET eth0-reads/s,NETPACKET lo-reads/s,NETPACKET eth0-writes/s,NETPACKET lo-writes/s,NETTOTAL eth0-KB/s,NETTOTAL eth0-packets/s,NETTOTAL lo-KB/s,NETTOTAL lo-packets/s,PROC Runnable,PROC Blocked,PROC pswitch,PROC syscall,PROC read,PROC write,PROC fork,PROC exec,PROC sem,PROC msg,rightlink (1120) %CPU,rightlink (1120) %Usr,rightlink (1120) %Sys,rightlink (1120) %Wait,rightlink (1120) Size,rightlink (1120) ResSet,rightlink (1120) ResText,rightlink (1120) ResData,rightlink (1120) ShdLib,rightlink (1120) MinorFault,rightlink (1120) MajorFault,collectd (1658) %CPU,collectd (1658) %Usr,collectd (1658) %Sys,collectd (1658) %Wait,collectd (1658) Size,collectd (1658) ResSet,collectd (1658) ResText,collectd (1658) ResData,collectd (1658) ShdLib,collectd (1658) MinorFault,collectd (1658) MajorFault,nod (2555) %CPU,nod (2555) %Usr,nod (2555) %Sys,nod (2555) %Wait,nod (2555) Size,nod (2555) ResSet,nod (2555) ResText,nod (2555) ResData,nod (2555) ShdLib,nod (2555) MinorFault,nod (2555) MajorFault,kworker/u4:0 (6) %CPU,kworker/u4:0 (6) %Usr,kworker/u4:0 (6) %Sys,kworker/u4:0 (6) %Wait,kworker/u4:0 (6) Size,kworker/u4:0 (6) ResSet,kworker/u4:0 (6) ResText,kworker/u4:0 (6) ResData,kworker/u4:0 (6) ShdLib,kworker/u4:0 (6) MinorFault,kworker/u4:0 (6) MajorFault,VM nr_dirty,VM nr_writeback,VM nr_unstable,VM nr_page_table_pages,VM nr_mapped,VM nr_slab,VM pgpgin,VM pgpgout,VM pswpin,VM pswpout,VM pgfree,VM pgactivate,VM pgdeactivate,VM pgfault,VM pgmajfault,VM pginodesteal,VM slabs_scanned,VM kswapd_steal,VM kswapd_inodesteal,VM pageoutrun,VM allocstall,VM pgrotated,VM pgalloc_high,VM pgalloc_normal,VM pgalloc_dma,VM pgrefill_high,VM pgrefill_normal,VM pgrefill_dma,VM pgsteal_high,VM pgsteal_normal,VM pgsteal_dma,VM pgscan_kswapd_high,VM pgscan_kswapd_normal,VM pgscan_kswapd_dma,VM pgscan_direct_high,VM pgscan_direct_normal,VM pgscan_direct_dma
2017-06-30,08:00:34,2.700,3.600,0.000,6.300,2.700,3.600,0.000,6.300,2.700,3.200,0.000,5.900,0.000,2.000,6.000,6.000,6.000,0.000,0.900,0.000,0.000,0.000,63.400,63.400,63.400,10.600,10.600,10.600,6.700,0.000,0.200,6.700,0.000,0.000,0.000,7480.400,-0.000,-0.000,0.000,6551.300,-0.000,-0.000,0.000,-0.000,574.000,484.700,-1.000,0.800,0.000,255.400,0.000,0.800,0.000,0.500,0.000,0.800,0.500,1.300,6.200,6.200,12.400,6.200,0.000,6.200,0.000,1.300,12.400,0.000,0.000,1.000,0.000,0.000,-1.000,-1.000,-1.000,0.000,-1.000,-1.000,-1.000,,,,,,,,,,,,,,,,,,,,,,,,,,,,,,,,,,16236900975581670000.000,8118450486904792100.000,8118450488676877300.000,0.000,0.000,0.000,0.000,0.000,0.000,0.000,0.000,11.000,0.000,0.000,1285.000,18787.000,-1.000,0.000,72.000,0.000,0.000,9538.000,4.000,0.000,31664.000,0.000,0.000,0.000,0.000,0.000,0.000,0.000,0.000,0.000,5583.000,0.000,0.000,0.000,0.000,0.000,0.000,0.000,0.000,0.000,0.000,0.000,0.000,0.000
2017-06-30,08:00:44,0.100,0.100,0.000,0.200,0.100,0.200,0.000,0.300,0.100,0.100,0.000,0.200,0.000,2.000,0.000,0.000,0.000,0.000,0.000,0.000,0.000,0.000,0.000,0.000,0.000,0.000,0.000,0.000,6.700,0.000,0.200,6.700,0.000,0.000,0.000,7480.400,-0.000,-0.000,0.000,6551.000,-0.000,-0.000,0.000,-0.000,574.000,484.900,-1.000,0.800,0.000,255.400,0.000,0.400,0.400,0.600,0.400,0.400,0.600,1.000,2.400,2.400,4.800,2.400,0.400,2.400,0.400,1.000,4.800,0.800,0.800,1.000,0.000,93.700,-1.000,-1.000,-1.000,0.200,-1.000,-1.000,-1.000,,,,,,,,,,,,,,,,,,,,,,,,,,,,,,,,,,,,,,,,,,,,,11.000,0.000,0.000,1285.000,18808.000,-1.000,0.000,0.000,0.000,0.000,424.000,1.000,0.000,386.000,0.000,0.000,0.000,0.000,0.000,0.000,0.000,0.000,0.000,460.000,0.000,0.000,0.000,0.000,0.000,0.000,0.000,0.000,0.000,0.000,0.000,0.000,0.000
2017-06-30,08:00:54,0.000,0.000,0.000,0.000,0.100,0.000,0.000,0.100,0.000,0.100,0.000,0.100,0.000,2.000,4.000,4.000,4.000,0.200,0.100,0.000,0.000,0.000,0.400,0.400,0.400,0.100,0.100,0.100,6.700,0.000,0.200,6.700,0.000,0.000,0.000,7480.400,-0.000,-0.000,0.000,6551.000,-0.000,-0.000,0.000,-0.000,574.000,485.000,-1.000,0.800,0.000,255.400,0.000,3.300,0.000,0.500,0.000,3.300,0.500,3.800,3.800,3.900,7.700,3.800,0.000,3.900,0.000,3.800,7.700,0.000,0.000,1.000,0.000,83.000,-1.000,-1.000,-1.000,0.200,-1.000,-1.000,-1.000,,,,,,,,,,,,,,,,,,,,,,,0.100,0.050,0.050,0.000,1180388.000,65864.000,24312.000,1127596.000,12852.000,3.000,0.000,,,,,,,,,,,,10.000,0.000,0.000,1285.000,18808.000,-1.000,0.000,4.000,0.000,0.000,190.000,0.000,0.000,170.000,0.000,0.000,0.000,0.000,0.000,0.000,0.000,0.000,0.000,216.000,0.000,0.000,0.000,0.000,0.000,0.000,0.000,0.000,0.000,0.000,0.000,0.000,0.000
2017-06-30,08:01:04,0.300,0.200,0.100,0.500,0.200,0.400,0.000,0.600,0.300,0.300,0.000,0.600,0.000,2.000,7.100,7.100,7.100,0.000,0.100,0.000,0.000,0.000,10.000,10.000,10.000,1.400,1.400,1.400,6.700,0.000,0.200,6.700,0.000,0.000,0.000,7480.400,-0.000,-0.000,0.000,6551.500,-0.000,-0.000,0.000,-0.000,574.000,484.800,-1.000,0.800,0.000,255.400,0.000,2.300,0.400,1.300,0.400,2.300,1.300,3.600,10.700,10.700,21.400,10.700,0.400,10.700,0.400,3.600,21.400,0.800,0.800,1.000,0.000,150.200,-1.000,-1.000,-1.000,2.100,-1.000,-1.000,-1.000,,,,,,,,,,,,,,,,,,,,,,,,,,,,,,,,,,,,,,,,,,,,,9.000,0.000,0.000,1285.000,18809.000,-1.000,0.000,100.000,0.000,0.000,2923.000,6.000,0.000,7895.000,0.000,0.000,0.000,0.000,0.000,0.000,0.000,0.000,0.000,1096.000,0.000,0.000,0.000,0.000,0.000,0.000,0.000,0.000,0.000,0.000,0.000,0.000,0.000
2017-06-30,08:01:14,0.000,0.000,0.000,0.000,0.100,0.000,0.000,0.100,0.100,0.100,0.000,0.200,0.000,2.000,10.700,10.700,10.700,0.000,0.000,0.000,0.000,0.000,3.200,3.200,3.200,0.300,0.300,0.300,6.700,0.000,0.200,6.700,0.000,0.000,0.000,7480.400,-0.000,-0.000,0.000,6551.600,-0.000,-0.000,0.000,-0.000,574.000,484.900,-1.000,0.800,0.000,255.400,0.000,0.300,0.000,0.100,0.000,0.300,0.100,0.400,1.900,1.900,3.800,1.900,0.000,1.900,0.000,0.400,3.800,0.000,0.000,1.000,0.000,79.800,-1.000,-1.000,-1.000,0.200,-1.000,-1.000,-1.000,,,,,,,,,,,,,,,,,,,,,,,,,,,,,,,,,,,,,,,,,,,,,1.000,0.000,0.000,1285.000,18809.000,-1.000,0.000,32.000,0.000,0.000,167.000,0.000,0.000,147.000,0.000,0.000,0.000,0.000,0.000,0.000,0.000,0.000,0.000,145.000,0.000,0.000,0.000,0.000,0.000,0.000,0.000,0.000,0.000,0.000,0.000,0.000,0.000
2017-06-30,08:01:24,0.100,0.000,0.000,0.100,0.100,0.100,0.000,0.200,0.100,0.100,0.000,0.200,0.000,2.000,0.000,0.000,0.000,0.000,0.000,0.000,0.000,0.000,0.000,0.000,0.000,0.000,0.000,0.000,6.700,0.000,0.200,6.700,0.000,0.000,0.000,7480.400,-0.000,-0.000,0.000,6551.400,-0.000,-0.000,0.000,-0.000,574.000,485.100,-1.000,0.800,0.000,255.400,0.000,0.400,0.400,0.700,0.400,0.400,0.700,1.100,2.700,2.700,5.400,2.700,0.400,2.700,0.400,1.100,5.400,0.800,0.800,1.000,0.000,93.600,-1.000,-1.000,-1.000,0.300,-1.000,-1.000,-1.000,,,,,,,,,,,,,,,,,,,,,,,,,,,,,,,,,,,,,,,,,,,,,2.000,0.000,0.000,1285.000,18809.000,-1.000,0.000,0.000,0.000,0.000,431.000,0.000,0.000,338.000,0.000,0.000,0.000,0.000,0.000,0.000,0.000,0.000,0.000,454.000,0.000,0.000,0.000,0.000,0.000,0.000,0.000,0.000,0.000,0.000,0.000,0.000,0.000
2017-06-30,08:01:34,0.000,0.100,0.000,0.100,0.000,0.000,0.000,0.000,0.100,0.100,0.000,0.200,0.000,2.000,4.000,4.000,4.000,0.200,0.200,0.000,0.000,0.000,0.800,0.800,0.800,0.200,0.200,0.200,6.700,0.000,0.200,6.700,0.000,0.000,0.000,7480.400,-0.000,-0.000,0.000,6551.200,-0.000,-0.000,0.000,-0.000,574.000,485.500,-1.000,0.800,0.000,255.400,0.000,0.400,0.000,0.200,0.000,0.400,0.200,0.600,2.700,2.700,5.400,2.700,0.000,2.700,0.000,0.600,5.400,0.000,0.000,1.000,0.000,85.500,-1.000,-1.000,-1.000,0.200,-1.000,-1.000,-1.000,,,,,,,,,,,,,,,,,,,,,,,,,,,,,,,,,,,,,,,,,,,,,1.000,0.000,0.000,1285.000,18809.000,-1.000,0.000,8.000,0.000,0.000,177.000,0.000,0.000,204.000,0.000,0.000,0.000,0.000,0.000,0.000,0.000,0.000,0.000,249.000,0.000,0.000,0.000,0.000,0.000,0.000,0.000,0.000,0.000,0.000,0.000,0.000,0.000
2017-06-30,08:01:44,0.100,0.000,0.000,0.100,0.100,0.100,0.000,0.200,0.100,0.100,0.000,0.200,0.000,2.000,0.000,0.000,0.000,0.000,0.000,0.000,0.000,0.000,0.000,0.000,0.000,0.000,0.000,0.000,6.700,0.000,0.200,6.700,0.000,0.000,0.000,7480.400,-0.000,-0.000,0.000,6551.100,-0.000,-0.000,0.000,-0.000,574.000,485.700,-1.000,0.800,0.000,255.400,0.000,0.500,0.400,0.900,0.400,0.500,0.900,1.400,3.200,3.200,6.400,3.200,0.400,3.200,0.400,1.400,6.400,0.800,0.800,1.000,0.000,94.400,-1.000,-1.000,-1.000,0.200,-1.000,-1.000,-1.000,,,,,,,,,,,,,,,,,,,,,,,,,,,,,,,,,,,,,,,,,,,,,1.000,0.000,0.000,1285.000,18809.000,-1.000,0.000,0.000,0.000,0.000,435.000,0.000,0.000,343.000,0.000,0.000,0.000,0.000,0.000,0.000,0.000,0.000,0.000,456.000,0.000,0.000,0.000,0.000,0.000,0.000,0.000,0.000,0.000,0.000,0.000,0.000,0.000
2017-06-30,08:01:54,0.000,0.000,0.000,0.000,0.000,0.000,0.000,0.000,0.100,0.000,0.000,0.100,0.000,2.000,4.000,4.000,4.000,0.100,0.100,0.000,0.000,0.000,0.400,0.400,0.400,0.100,0.100,0.100,6.700,0.000,0.200,6.700,0.000,0.000,0.000,7480.400,-0.000,-0.000,0.000,6551.900,-0.000,-0.000,0.000,-0.000,574.000,485.000,-1.000,0.800,0.000,255.400,0.000,3.400,0.000,0.400,0.000,3.400,0.400,3.800,4.600,4.600,9.200,4.600,0.000,4.600,0.000,3.800,9.200,0.000,0.000,1.000,0.000,85.400,-1.000,-1.000,-1.000,0.200,-1.000,-1.000,-1.000,,,,,,,,,,,,,,,,,,,,,,,,,,,,,,,,,,,,,,,,,,,,,0.000,0.000,0.000,1285.000,18809.000,-1.000,0.000,4.000,0.000,0.000,460.000,0.000,0.000,171.000,0.000,0.000,0.000,0.000,0.000,0.000,0.000,0.000,0.000,228.000,0.000,0.000,0.000,0.000,0.000,0.000,0.000,0.000,0.000,0.000,0.000,0.000,0.000
2017-06-30,08:02:04,0.200,0.000,0.000,0.200,0.200,0.100,0.000,0.300,0.200,0.100,0.000,0.300,0.000,2.000,0.000,0.000,0.000,0.100,0.100,0.000,0.000,0.000,0.000,0.000,0.000,0.000,0.000,0.000,6.700,0.000,0.200,6.700,0.000,0.000,0.000,7480.400,-0.000,-0.000,0.000,6553.200,-0.000,-0.000,0.000,-0.000,574.000,484.200,-1.000,0.800,0.000,255.400,0.000,4.700,0.400,2.100,0.400,4.700,2.100,6.800,23.400,23.500,46.900,23.400,0.400,23.500,0.400,6.800,46.900,0.800,0.800,1.000,0.000,141.900,-1.000,-1.000,-1.000,0.200,-1.000,-1.000,-1.000,,,,,,,,,,,,0.100,0.050,0.050,0.000,854828.000,4452.000,204.000,738064.000,2872.000,18.000,0.000,0.100,0.050,0.050,0.000,1180388.000,65112.000,24312.000,1127596.000,12852.000,23.000,0.000,,,,,,,,,,,,2.000,0.000,0.000,1285.000,18809.000,-1.000,0.000,40.000,0.000,0.000,1154.000,0.000,0.000,629.000,0.000,0.000,0.000,0.000,0.000,0.000,0.000,0.000,0.000,741.000,0.000,0.000,0.000,0.000,0.000,0.000,0.000,0.000,0.000,0.000,0.000,0.000,0.000
2017-06-30,08:02:14,0.000,0.000,0.000,0.000,0.000,0.100,0.000,0.100,0.100,0.000,0.000,0.100,0.000,2.000,6.300,6.300,6.300,0.200,0.200,0.000,0.000,0.000,4.400,4.400,4.400,0.700,0.700,0.700,6.700,0.000,0.200,6.700,0.000,0.000,0.000,7480.400,-0.000,-0.000,0.000,6553.400,-0.000,-0.000,0.000,-0.000,574.000,484.400,-1.000,0.800,0.000,255.400,0.000,0.400,0.000,0.200,0.000,0.400,0.200,0.600,2.800,2.800,5.600,2.800,0.000,2.800,0.000,0.600,5.600,0.000,0.000,1.000,0.000,81.800,-1.000,-1.000,-1.000,0.200,-1.000,-1.000,-1.000,,,,,,,,,,,,,,,,,,,,,,,,,,,,,,,,,,,,,,,,,,,,,2.000,0.000,0.000,1285.000,18809.000,-1.000,0.000,4.000,0.000,0.000,176.000,1.000,0.000,154.000,0.000,0.000,0.000,0.000,0.000,0.000,0.000,0.000,0.000,199.000,0.000,0.000,0.000,0.000,0.000,0.000,0.000,0.000,0.000,0.000,0.000,0.000,0.000
2017-06-30,08:02:24,0.000,0.100,0.000,0.100,0.100,0.000,0.000,0.100,0.100,0.100,0.000,0.200,0.000,2.000,0.000,0.000,0.000,0.000,0.000,0.000,0.000,0.000,0.000,0.000,0.000,0.000,0.000,0.000,6.700,0.000,0.200,6.700,0.000,0.000,0.000,7480.400,-0.000,-0.000,0.000,6553.200,-0.000,-0.000,0.000,-0.000,574.000,484.600,-1.000,0.800,0.000,255.400,0.000,0.600,0.400,0.900,0.400,0.600,0.900,1.500,3.600,3.600,7.200,3.600,0.400,3.600,0.400,1.500,7.200,0.800,0.800,1.000,0.000,97.300,-1.000,-1.000,-1.000,0.300,-1.000,-1.000,-1.000,,,,,,,,,,,,,,,,,,,,,,,,,,,,,,,,,,,,,,,,,,,,,2.000,0.000,0.000,1285.000,18809.000,-1.000,0.000,0.000,0.000,0.000,441.000,0.000,0.000,347.000,0.000,0.000,0.000,0.000,0.000,0.000,0.000,0.000,0.000,87.000,0.000,0.000,0.000,0.000,0.000,0.000,0.000,0.000,0.000,0.000,0.000,0.000,0.000
2017-06-30,08:02:34,0.100,0.000,0.000,0.100,0.000,0.100,0.000,0.100,0.100,0.000,0.000,0.100,0.000,2.000,8.000,8.000,8.000,0.100,0.100,0.000,0.000,0.000,0.800,0.800,0.800,0.100,0.100,0.100,6.700,0.000,0.200,6.700,0.000,0.000,0.000,7480.400,-0.000,-0.000,0.000,6552.800,-0.000,-0.000,0.000,-0.000,574.000,485.000,-1.000,0.800,0.000,255.400,0.000,0.600,0.000,0.200,0.000,0.600,0.200,0.800,3.200,3.200,6.400,3.200,0.000,3.200,0.000,0.800,6.400,0.000,0.000,1.000,0.000,85.700,-1.000,-1.000,-1.000,0.200,-1.000,-1.000,-1.000,,,,,,,,,,,,,,,,,,,,,,,,,,,,,,,,,,,,,,,,,,,,,0.000,0.000,0.000,1285.000,18809.000,-1.000,0.000,8.000,0.000,0.000,182.000,0.000,0.000,211.000,0.000,0.000,0.000,0.000,0.000,0.000,0.000,0.000,0.000,0.000,0.000,0.000,0.000,0.000,0.000,0.000,0.000,0.000,0.000,0.000,0.000,0.000,0.000
2017-06-30,08:02:44,0.000,0.000,0.000,0.000,0.100,0.000,0.000,0.100,0.000,0.100,0.000,0.100,0.000,2.000,4.000,4.000,4.000,0.000,0.000,0.000,0.000,0.000,0.400,0.400,0.400,0.100,0.100,0.100,6.700,0.000,0.200,6.700,0.000,0.000,0.000,7480.400,-0.000,-0.000,0.000,6552.900,-0.000,-0.000,0.000,-0.000,574.000,485.200,-1.000,0.800,0.000,255.400,0.000,0.500,0.400,0.800,0.400,0.500,0.800,1.300,3.200,3.100,6.300,3.200,0.400,3.100,0.400,1.300,6.300,0.800,0.800,1.000,0.000,95.400,-1.000,-1.000,-1.000,0.200,-1.000,-1.000,-1.000,,,,,,,,,,,,,,,,,,,,,,,,,,,,,,,,,,,,,,,,,,,,,1.000,0.000,0.000,1285.000,18809.000,-1.000,0.000,4.000,0.000,0.000,430.000,0.000,0.000,341.000,0.000,0.000,0.000,0.000,0.000,0.000,0.000,0.000,0.000,0.000,0.000,0.000,0.000,0.000,0.000,0.000,0.000,0.000,0.000,0.000,0.000,0.000,0.000
2017-06-30,08:02:54,0.000,0.000,0.000,0.000,0.000,0.100,0.000,0.100,0.100,0.000,0.000,0.100,0.000,2.000,0.000,0.000,0.000,0.000,0.000,0.000,0.000,0.000,0.000,0.000,0.000,0.000,0.000,0.000,6.700,0.000,0.200,6.700,0.000,0.000,0.000,7480.400,-0.000,-0.000,0.000,6552.900,-0.000,-0.000,0.000,-0.000,574.000,485.400,-1.000,0.800,0.000,255.400,0.000,3.300,0.000,0.300,0.000,3.300,0.300,3.600,3.900,4.000,7.900,3.900,0.000,4.000,0.000,3.600,7.900,0.000,0.000,1.000,0.000,82.500,-1.000,-1.000,-1.000,0.200,-1.000,-1.000,-1.000,,,,,,,,,,,,,,,,,,,,,,,,,,,,,,,,,,,,,,,,,,,,,1.000,0.000,0.000,1285.000,18809.000,-1.000,0.000,0.000,0.000,0.000,191.000,0.000,0.000,153.000,0.000,0.000,0.000,0.000,0.000,0.000,0.000,0.000,0.000,0.000,0.000,0.000,0.000,0.000,0.000,0.000,0.000,0.000,0.000,0.000,0.000,0.000,0.000
2017-06-30,08:03:04,0.100,0.100,0.000,0.200,0.200,0.100,0.000,0.300,0.100,0.100,0.000,0.200,0.000,2.000,0.000,0.000,0.000,0.000,0.000,0.000,0.000,0.000,0.000,0.000,0.000,0.000,0.000,0.000,6.700,0.000,0.200,6.700,0.000,0.000,0.000,7480.400,-0.000,-0.000,0.000,6545.900,-0.000,-0.000,0.000,-0.000,574.000,485.100,-1.000,0.800,0.000,255.400,0.000,2.400,0.900,1.900,0.900,2.400,1.900,4.300,11.900,11.800,23.700,11.900,0.800,11.800,0.800,4.300,23.700,1.800,1.600,1.000,0.000,120.300,-1.000,-1.000,-1.000,0.200,-1.000,-1.000,-1.000,,,,,,,,,,,,,,,,,,,,,,,0.100,0.050,0.050,0.000,1180388.000,65384.000,24312.000,1127596.000,12852.000,13.000,0.000,,,,,,,,,,,,1.000,0.000,0.000,1285.000,18809.000,-1.000,0.000,0.000,0.000,0.000,778.000,0.000,0.000,485.000,0.000,0.000,0.000,0.000,0.000,0.000,0.000,0.000,0.000,2158.000,0.000,0.000,0.000,0.000,0.000,0.000,0.000,0.000,0.000,0.000,0.000,0.000,0.000
2017-06-30,08:03:14,0.000,0.000,0.000,0.000,0.000,0.000,0.000,0.000,0.100,0.100,0.000,0.200,0.000,2.000,6.000,6.000,6.000,0.300,0.300,0.000,0.000,0.000,1.200,1.200,1.200,0.200,0.200,0.200,6.700,0.000,0.200,6.700,0.000,0.000,0.000,7480.400,-0.000,-0.000,0.000,6545.900,-0.000,-0.000,0.000,-0.000,574.000,485.300,-1.000,0.800,0.000,255.400,0.000,0.400,0.000,0.200,0.000,0.400,0.200,0.600,2.800,2.800,5.600,2.800,0.000,2.800,0.000,0.600,5.600,0.000,0.000,1.000,0.000,81.800,-1.000,-1.000,-1.000,0.200,-1.000,-1.000,-1.000,,,,,,,,,,,,,,,,,,,,,,,,,,,,,,,,,,,,,,,,,,,,,0.000,0.000,0.000,1285.000,18809.000,-1.000,0.000,12.000,0.000,0.000,176.000,0.000,0.000,154.000,0.000,0.000,0.000,0.000,0.000,0.000,0.000,0.000,0.000,200.000,0.000,0.000,0.000,0.000,0.000,0.000,0.000,0.000,0.000,0.000,0.000,0.000,0.000
2017-06-30,08:03:24,0.000,0.100,0.000,0.100,0.100,0.100,0.000,0.200,0.100,0.100,0.000,0.200,0.000,2.000,0.000,0.000,0.000,0.000,0.000,0.000,0.000,0.000,0.000,0.000,0.000,0.000,0.000,0.000,6.700,0.000,0.200,6.700,0.000,0.000,0.000,7480.400,-0.000,-0.000,0.000,6545.600,-0.000,-0.000,0.000,-0.000,574.000,485.500,-1.000,0.800,0.000,255.400,0.000,0.500,0.400,0.800,0.400,0.500,0.800,1.300,3.200,3.200,6.400,3.200,0.400,3.200,0.400,1.300,6.400,0.800,0.800,1.000,0.000,97.400,-1.000,-1.000,-1.000,0.300,-1.000,-1.000,-1.000,,,,,,,,,,,,,,,,,,,,,,,,,,,,,,,,,,,,,,,,,,,,,1.000,0.000,0.000,1285.000,18809.000,-1.000,0.000,0.000,0.000,0.000,435.000,1.000,0.000,342.000,0.000,0.000,0.000,0.000,0.000,0.000,0.000,0.000,0.000,194.000,0.000,0.000,0.000,0.000,0.000,0.000,0.000,0.000,0.000,0.000,0.000,0.000,0.000
2017-06-30,08:03:34,0.100,0.000,0.000,0.100,0.000,0.100,0.000,0.100,0.100,0.100,0.000,0.200,0.000,2.000,0.000,0.000,0.000,0.000,0.000,0.000,0.000,0.000,0.000,0.000,0.000,0.000,0.000,0.000,6.700,0.000,0.200,6.700,0.000,0.000,0.000,7480.400,-0.000,-0.000,0.000,6545.400,-0.000,-0.000,0.000,-0.000,574.000,485.900,-1.000,0.800,0.000,255.400,0.000,0.500,0.000,0.200,0.000,0.500,0.200,0.700,3.000,3.000,6.000,3.000,0.000,3.000,0.000,0.700,6.000,0.000,0.000,1.000,0.000,84.400,-1.000,-1.000,-1.000,0.200,-1.000,-1.000,-1.000,,,,,,,,,,,,,,,,,,,,,,,0.100,0.050,0.050,0.000,1180388.000,65912.000,24312.000,1127596.000,12852.000,4.000,0.000,,,,,,,,,,,,1.000,0.000,0.000,1285.000,18809.000,-1.000,0.000,0.000,0.000,0.000,180.000,0.000,0.000,207.000,0.000,0.000,0.000,0.000,0.000,0.000,0.000,0.000,0.000,0.000,0.000,0.000,0.000,0.000,0.000,0.000,0.000,0.000,0.000,0.000,0.000,0.000,0.000
2017-06-30,08:03:44,0.000,0.000,0.000,0.000,0.100,0.000,0.000,0.100,0.100,0.100,0.000,0.200,0.000,2.000,5.300,5.300,5.300,0.200,0.200,0.000,0.000,0.000,1.600,1.600,1.600,0.300,0.300,0.300,6.700,0.000,0.200,6.700,0.000,0.000,0.000,7480.400,-0.000,-0.000,0.000,6545.900,-0.000,-0.000,0.000,-0.000,574.000,485.100,-1.000,0.800,0.000,255.400,0.000,0.400,0.400,0.800,0.400,0.400,0.800,1.200,2.900,2.900,5.800,2.900,0.400,2.900,0.400,1.200,5.800,0.800,0.800,1.000,0.000,100.500,-1.000,-1.000,-1.000,0.200,-1.000,-1.000,-1.000,,,,,,,,,,,,,,,,,,,,,,,,,,,,,,,,,,,,,,,,,,,,,1.000,0.000,0.000,1285.000,18809.000,-1.000,0.000,16.000,0.000,0.000,691.000,0.000,0.000,350.000,0.000,0.000,0.000,0.000,0.000,0.000,0.000,0.000,0.000,0.000,0.000,0.000,0.000,0.000,0.000,0.000,0.000,0.000,0.000,0.000,0.000,0.000,0.000
2017-06-30,08:03:54,0.100,0.000,0.000,0.100,0.100,0.100,0.000,0.200,0.100,0.000,0.000,0.100,0.000,2.000,4.000,4.000,4.000,0.000,0.000,0.000,0.000,0.000,0.400,0.400,0.400,0.100,0.100,0.100,6.700,0.000,0.200,6.700,0.000,0.000,0.000,7480.400,-0.000,-0.000,0.000,6546.800,-0.000,-0.000,0.000,-0.000,574.000,484.400,-1.000,0.800,0.000,255.400,0.000,3.400,0.000,0.400,0.000,3.400,0.400,3.800,4.500,4.600,9.100,4.500,0.000,4.600,0.000,3.800,9.100,0.000,0.000,1.000,0.000,83.600,-1.000,-1.000,-1.000,0.200,-1.000,-1.000,-1.000,,,,,,,,,,,,,,,,,,,,,,,,,,,,,,,,,,,,,,,,,,,,,0.000,0.000,0.000,1285.000,18809.000,-1.000,0.000,4.000,0.000,0.000,457.000,0.000,0.000,164.000,0.000,0.000,0.000,0.000,0.000,0.000,0.000,0.000,0.000,0.000,0.000,0.000,0.000,0.000,0.000,0.000,0.000,0.000,0.000,0.000,0.000,0.000,0.000
2017-06-30,08:04:04,0.100,0.100,0.000,0.200,0.100,0.000,0.000,0.100,0.100,0.100,0.000,0.200,0.000,2.000,0.000,0.000,0.000,0.000,0.000,0.000,0.000,0.000,0.000,0.000,0.000,0.000,0.000,0.000,6.700,0.000,0.200,6.700,0.000,0.000,0.000,7480.400,-0.000,-0.000,0.000,6546.600,-0.000,-0.000,0.000,-0.000,574.000,485.100,-1.000,0.800,0.000,255.400,0.000,2.500,0.400,1.500,0.400,2.500,1.500,4.000,12.200,12.200,24.400,12.200,0.400,12.200,0.400,4.000,24.400,0.800,0.800,1.000,0.000,125.000,-1.000,-1.000,-1.000,0.200,-1.000,-1.000,-1.000,,,,,,,,,,,,,,,,,,,,,,,0.100,0.100,0.000,0.000,1180388.000,65664.000,24312.000,1127596.000,12852.000,12.000,0.000,,,,,,,,,,,,1.000,0.000,0.000,1285.000,18809.000,-1.000,0.000,0.000,0.000,0.000,521.000,0.000,0.000,489.000,0.000,0.000,0.000,0.000,0.000,0.000,0.000,0.000,0.000,108.000,0.000,0.000,0.000,0.000,0.000,0.000,0.000,0.000,0.000,0.000,0.000,0.000,0.000
2017-06-30,08:04:14,0.000,0.000,0.000,0.000,0.100,0.100,0.000,0.200,0.000,0.000,0.000,0.000,0.000,2.000,4.000,4.000,4.000,0.200,0.200,0.000,0.000,0.000,0.400,0.400,0.400,0.100,0.100,0.100,6.700,0.000,0.200,6.700,0.000,0.000,0.000,7480.400,-0.000,-0.000,0.000,6546.800,-0.000,-0.000,0.000,-0.000,574.000,485.300,-1.000,0.800,0.000,255.400,0.000,0.400,0.000,0.200,0.000,0.400,0.200,0.600,2.800,2.800,5.600,2.800,0.000,2.800,0.000,0.600,5.600,0.000,0.000,1.000,0.000,81.700,-1.000,-1.000,-1.000,0.200,-1.000,-1.000,-1.000,,,,,,,,,,,,,,,,,,,,,,,,,,,,,,,,,,,,,,,,,,,,,1.000,0.000,0.000,1285.000,18809.000,-1.000,0.000,4.000,0.000,0.000,176.000,0.000,0.000,157.000,0.000,0.000,0.000,0.000,0.000,0.000,0.000,0.000,0.000,202.000,0.000,0.000,0.000,0.000,0.000,0.000,0.000,0.000,0.000,0.000,0.000,0.000,0.000
2017-06-30,08:04:24,0.100,0.000,0.000,0.100,0.000,0.100,0.000,0.100,0.100,0.000,0.000,0.100,0.000,2.000,0.000,0.000,0.000,0.000,0.000,0.000,0.000,0.000,0.000,0.000,0.000,0.000,0.000,0.000,6.700,0.000,0.200,6.700,0.000,0.000,0.000,7480.400,-0.000,-0.000,0.000,6547.500,-0.000,-0.000,0.000,-0.000,574.000,484.500,-1.000,0.800,0.000,255.400,0.000,0.300,0.400,0.700,0.400,0.300,0.700,1.000,2.000,2.000,4.000,2.000,0.400,2.000,0.400,1.000,4.000,0.800,0.800,1.000,0.000,95.200,-1.000,-1.000,-1.000,0.300,-1.000,-1.000,-1.000,,,,,,,,,,,,0.100,0.050,0.050,0.000,854828.000,4452.000,204.000,738064.000,2872.000,18.000,0.000,,,,,,,,,,,,,,,,,,,,,,,2.000,0.000,0.000,1285.000,18809.000,-1.000,0.000,0.000,0.000,0.000,685.000,0.000,0.000,343.000,0.000,0.000,0.000,0.000,0.000,0.000,0.000,0.000,0.000,463.000,0.000,0.000,0.000,0.000,0.000,0.000,0.000,0.000,0.000,0.000,0.000,0.000,0.000
2017-06-30,08:04:34,0.000,0.000,0.000,0.000,0.100,0.000,0.000,0.100,0.100,0.000,0.000,0.100,0.000,2.000,8.000,8.000,8.000,0.300,0.200,0.000,0.000,0.000,0.800,0.800,0.800,0.100,0.100,0.100,6.700,0.000,0.200,6.700,0.000,0.000,0.000,7480.400,-0.000,-0.000,0.000,6547.500,-0.000,-0.000,0.000,-0.000,574.000,484.900,-1.000,0.800,0.000,255.400,0.000,0.200,0.000,0.100,0.000,0.200,0.100,0.300,1.400,1.400,2.800,1.400,0.000,1.400,0.000,0.300,2.800,0.000,0.000,1.000,0.000,80.900,-1.000,-1.000,-1.000,0.200,-1.000,-1.000,-1.000,,,,,,,,,,,,,,,,,,,,,,,,,,,,,,,,,,,,,,,,,,,,,0.000,0.000,0.000,1285.000,18809.000,-1.000,0.000,8.000,0.000,0.000,163.000,1.000,0.000,193.000,0.000,0.000,0.000,0.000,0.000,0.000,0.000,0.000,0.000,238.000,0.000,0.000,0.000,0.000,0.000,0.000,0.000,0.000,0.000,0.000,0.000,0.000,0.000
2017-06-30,08:04:44,0.100,0.000,0.000,0.100,0.100,0.100,0.000,0.200,0.100,0.100,0.000,0.200,0.000,2.000,4.000,4.000,4.000,0.200,0.300,0.000,0.000,0.000,0.400,0.400,0.400,0.100,0.100,0.100,6.700,0.000,0.200,6.700,0.000,0.000,0.000,7480.400,-0.000,-0.000,0.000,6547.600,-0.000,-0.000,0.000,-0.000,574.000,485.000,-1.000,0.800,0.000,255.400,0.000,0.400,0.400,0.800,0.400,0.400,0.800,1.200,2.600,2.600,5.200,2.600,0.400,2.600,0.400,1.200,5.200,0.800,0.800,1.000,0.000,93.300,-1.000,-1.000,-1.000,0.200,-1.000,-1.000,-1.000,,,,,,,,,,,,,,,,,,,,,,,,,,,,,,,,,,,,,,,,,,,,,1.000,0.000,0.000,1285.000,18809.000,-1.000,0.000,4.000,0.000,0.000,426.000,0.000,0.000,336.000,0.000,0.000,0.000,0.000,0.000,0.000,0.000,0.000,0.000,448.000,0.000,0.000,0.000,0.000,0.000,0.000,0.000,0.000,0.000,0.000,0.000,0.000,0.000
2017-06-30,08:04:54,0.000,0.000,0.000,0.000,0.100,0.000,0.000,0.100,0.100,0.000,0.000,0.100,0.000,2.000,0.000,0.000,0.000,0.000,0.000,0.000,0.000,0.000,0.000,0.000,0.000,0.000,0.000,0.000,6.700,0.000,0.200,6.700,0.000,0.000,0.000,7480.400,-0.000,-0.000,0.000,6547.600,-0.000,-0.000,0.000,-0.000,574.000,485.200,-1.000,0.800,0.000,255.400,0.000,3.300,0.000,0.400,0.000,3.300,0.400,3.700,4.000,4.100,8.100,4.000,0.000,4.100,0.000,3.700,8.100,0.000,0.000,1.000,0.000,82.500,-1.000,-1.000,-1.000,0.200,-1.000,-1.000,-1.000,,,,,,,,,,,,,,,,,,,,,,,,,,,,,,,,,,,,,,,,,,,,,1.000,0.000,0.000,1285.000,18809.000,-1.000,0.000,0.000,0.000,0.000,191.000,0.000,0.000,153.000,0.000,0.000,0.000,0.000,0.000,0.000,0.000,0.000,0.000,198.000,0.000,0.000,0.000,0.000,0.000,0.000,0.000,0.000,0.000,0.000,0.000,0.000,0.000
2017-06-30,08:05:04,0.100,0.100,0.000,0.200,0.100,0.000,0.000,0.100,0.100,0.100,0.000,0.200,0.000,2.000,0.000,0.000,0.000,0.000,0.000,0.000,0.000,0.000,0.000,0.000,0.000,0.000,0.000,0.000,6.700,0.000,0.200,6.700,0.000,0.000,0.000,7480.400,-0.000,-0.000,0.000,6547.400,-0.000,-0.000,0.000,-0.000,574.000,485.900,-1.000,0.800,0.000,255.400,0.000,2.400,0.400,1.400,0.400,2.400,1.400,3.800,12.400,12.400,24.800,12.400,0.400,12.400,0.400,3.800,24.800,0.800,0.800,1.000,0.000,123.500,-1.000,-1.000,-1.000,0.200,-1.000,-1.000,-1.000,,,,,,,,,,,,,,,,,,,,,,,0.100,0.100,0.000,0.000,1180388.000,65940.000,24312.000,1127596.000,12852.000,12.000,0.000,,,,,,,,,,,,1.000,0.000,0.000,1285.000,18809.000,-1.000,0.000,0.000,0.000,0.000,530.000,0.000,0.000,481.000,0.000,0.000,0.000,0.000,0.000,0.000,0.000,0.000,0.000,601.000,0.000,0.000,0.000,0.000,0.000,0.000,0.000,0.000,0.000,0.000,0.000,0.000,0.000
2017-06-30,08:05:14,0.000,0.000,0.000,0.000,0.000,0.100,0.000,0.100,0.100,0.100,0.000,0.200,0.000,2.000,5.000,5.000,5.000,0.200,0.200,0.000,0.000,0.000,2.000,2.000,2.000,0.400,0.400,0.400,6.700,0.000,0.200,6.700,0.000,0.000,0.000,7480.400,-0.000,-0.000,0.000,6547.800,-0.000,-0.000,0.000,-0.000,574.000,485.200,-1.000,0.800,0.000,255.400,0.000,0.500,0.000,0.200,0.000,0.500,0.200,0.700,3.000,3.000,6.000,3.000,0.000,3.000,0.000,0.700,6.000,0.000,0.000,1.000,0.000,83.600,-1.000,-1.000,-1.000,0.200,-1.000,-1.000,-1.000,,,,,,,,,,,,,,,,,,,,,,,,,,,,,,,,,,,,,,,,,,,,,0.000,0.000,0.000,1285.000,18809.000,-1.000,0.000,20.000,0.000,0.000,441.000,0.000,0.000,165.000,0.000,0.000,0.000,0.000,0.000,0.000,0.000,0.000,0.000,212.000,0.000,0.000,0.000,0.000,0.000,0.000,0.000,0.000,0.000,0.000,0.000,0.000,0.000
2017-06-30,08:05:24,0.100,0.000,0.000,0.100,0.100,0.000,0.000,0.100,0.100,0.100,0.000,0.200,0.000,2.000,0.000,0.000,0.000,0.000,0.000,0.000,0.000,0.000,0.000,0.000,0.000,0.000,0.000,0.000,6.700,0.000,0.200,6.700,0.000,0.000,0.000,7480.400,-0.000,-0.000,0.000,6547.800,-0.000,-0.000,0.000,-0.000,574.000,485.400,-1.000,0.800,0.000,255.400,0.000,0.600,0.400,0.900,0.400,0.600,0.900,1.500,3.800,3.800,7.600,3.800,0.400,3.800,0.400,1.500,7.600,0.800,0.800,1.000,0.000,95.700,-1.000,-1.000,-1.000,0.300,-1.000,-1.000,-1.000,,,,,,,,,,,,,,,,,,,,,,,0.100,0.050,0.050,0.000,1180388.000,65424.000,24312.000,1127596.000,12852.000,4.000,0.000,,,,,,,,,,,,2.000,0.000,0.000,1285.000,18809.000,-1.000,0.000,0.000,0.000,0.000,436.000,0.000,0.000,341.000,0.000,0.000,0.000,0.000,0.000,0.000,0.000,0.000,0.000,86.000,0.000,0.000,0.000,0.000,0.000,0.000,0.000,0.000,0.000,0.000,0.000,0.000,0.000
2017-06-30,08:05:34,0.100,0.000,0.000,0.100,0.100,0.100,0.000,0.200,0.100,0.000,0.000,0.100,0.000,2.000,0.000,0.000,0.000,0.000,0.000,0.000,0.000,0.000,0.000,0.000,0.000,0.000,0.000,0.000,6.700,0.000,0.200,6.700,0.000,0.000,0.000,7480.400,-0.000,-0.000,0.000,6548.500,-0.000,-0.000,0.000,-0.000,574.000,484.800,-1.000,0.800,0.000,255.400,0.000,0.400,0.000,0.200,0.000,0.400,0.200,0.600,2.500,2.500,5.000,2.500,0.000,2.500,0.000,0.600,5.000,0.000,0.000,1.000,0.000,84.000,-1.000,-1.000,-1.000,0.200,-1.000,-1.000,-1.000,,,,,,,,,,,,,,,,,,,,,,,,,,,,,,,,,,,,,,,,,,,,,2.000,0.000,0.000,1285.000,18809.000,-1.000,0.000,0.000,0.000,0.000,433.000,1.000,0.000,213.000,0.000,0.000,0.000,0.000,0.000,0.000,0.000,0.000,0.000,0.000,0.000,0.000,0.000,0.000,0.000,0.000,0.000,0.000,0.000,0.000,0.000,0.000,0.000
2017-06-30,08:05:44,0.000,0.100,0.000,0.100,0.100,0.000,0.000,0.100,0.100,0.100,0.000,0.200,0.000,2.000,5.800,5.800,5.800,0.200,0.200,0.000,0.000,0.000,5.200,5.200,5.200,0.900,0.900,0.900,6.700,0.000,0.200,6.700,0.000,0.000,0.000,7480.400,-0.000,-0.000,0.000,6548.400,-0.000,-0.000,0.000,-0.000,574.000,485.000,-1.000,0.800,0.000,255.400,0.000,0.500,0.400,0.800,0.400,0.500,0.800,1.300,3.200,3.200,6.400,3.200,0.400,3.200,0.400,1.300,6.400,0.800,0.800,1.000,0.000,98.300,-1.000,-1.000,-1.000,0.200,-1.000,-1.000,-1.000,,,,,,,,,,,,,,,,,,,,,,,,,,,,,,,,,,,,,,,,,,,,,2.000,0.000,0.000,1285.000,18809.000,-1.000,0.000,52.000,0.000,0.000,427.000,0.000,0.000,340.000,0.000,0.000,0.000,0.000,0.000,0.000,0.000,0.000,0.000,0.000,0.000,0.000,0.000,0.000,0.000,0.000,0.000,0.000,0.000,0.000,0.000,0.000,0.000
2017-06-30,08:05:54,0.000,0.000,0.000,0.000,0.000,0.000,0.000,0.000,0.100,0.100,0.000,0.200,0.000,2.000,8.000,8.000,8.000,0.100,0.100,0.000,0.000,0.000,0.800,0.800,0.800,0.100,0.100,0.100,6.700,0.000,0.200,6.700,0.000,0.000,0.000,7480.400,-0.000,-0.000,0.000,6548.400,-0.000,-0.000,0.000,-0.000,574.000,485.200,-1.000,0.800,0.000,255.400,0.000,3.300,0.000,0.300,0.000,3.300,0.300,3.600,3.800,3.900,7.700,3.800,0.000,3.900,0.000,3.600,7.700,0.000,0.000,1.000,0.000,82.300,-1.000,-1.000,-1.000,0.200,-1.000,-1.000,-1.000,,,,,,,,,,,,,,,,,,,,,,,,,,,,,,,,,,,,,,,,,,,,,0.000,0.000,0.000,1285.000,18809.000,-1.000,0.000,8.000,0.000,0.000,189.000,0.000,0.000,150.000,0.000,0.000,0.000,0.000,0.000,0.000,0.000,0.000,0.000,0.000,0.000,0.000,0.000,0.000,0.000,0.000,0.000,0.000,0.000,0.000,0.000,0.000,0.000
2017-06-30,08:06:04,0.200,0.000,0.000,0.200,0.100,0.100,0.000,0.200,0.100,0.100,0.000,0.200,0.000,2.000,0.000,0.000,0.000,0.000,0.000,0.000,0.000,0.000,0.000,0.000,0.000,0.000,0.000,0.000,6.700,0.000,0.200,6.700,0.000,0.000,0.000,7480.400,-0.000,-0.000,0.000,6548.900,-0.000,-0.000,0.000,-0.000,574.000,484.900,-1.000,0.800,0.000,255.400,0.000,2.300,0.400,1.400,0.400,2.300,1.400,3.700,11.700,11.700,23.400,11.700,0.400,11.700,0.400,3.700,23.400,0.800,0.800,1.000,0.000,117.500,-1.000,-1.000,-1.000,0.200,-1.000,-1.000,-1.000,,,,,,,,,,,,,,,,,,,,,,,,,,,,,,,,,,,,,,,,,,,,,1.000,0.000,0.000,1285.000,18809.000,-1.000,0.000,0.000,0.000,0.000,770.000,0.000,0.000,477.000,0.000,0.000,0.000,0.000,0.000,0.000,0.000,0.000,0.000,190.000,0.000,0.000,0.000,0.000,0.000,0.000,0.000,0.000,0.000,0.000,0.000,0.000,0.000
2017-06-30,08:06:14,0.000,0.000,0.000,0.000,0.100,0.000,0.000,0.100,0.100,0.000,0.000,0.100,0.000,2.000,4.000,4.000,4.000,0.200,0.200,0.000,0.000,0.000,0.400,0.400,0.400,0.100,0.100,0.100,6.700,0.000,0.200,6.700,0.000,0.000,0.000,7480.400,-0.000,-0.000,0.000,6549.000,-0.000,-0.000,0.000,-0.000,574.000,485.100,-1.000,0.800,0.000,255.400,0.000,0.300,0.000,0.100,0.000,0.300,0.100,0.400,1.900,1.900,3.800,1.900,0.000,1.900,0.000,0.400,3.800,0.000,0.000,1.000,0.000,78.600,-1.000,-1.000,-1.000,0.200,-1.000,-1.000,-1.000,,,,,,,,,,,,,,,,,,,,,,,,,,,,,,,,,,,,,,,,,,,,,1.000,0.000,0.000,1285.000,18809.000,-1.000,0.000,4.000,0.000,0.000,165.000,0.000,0.000,145.000,0.000,0.000,0.000,0.000,0.000,0.000,0.000,0.000,0.000,190.000,0.000,0.000,0.000,0.000,0.000,0.000,0.000,0.000,0.000,0.000,0.000,0.000,0.000
2017-06-30,08:06:24,0.000,0.100,0.000,0.100,0.100,0.100,0.000,0.200,0.100,0.100,0.000,0.200,0.000,2.000,0.000,0.000,0.000,0.000,0.000,0.000,0.000,0.000,0.000,0.000,0.000,0.000,0.000,0.000,6.700,0.000,0.200,6.700,0.000,0.000,0.000,7480.400,-0.000,-0.000,0.000,6548.700,-0.000,-0.000,0.000,-0.000,574.000,485.300,-1.000,0.800,0.000,255.400,0.000,0.400,0.400,0.800,0.400,0.400,0.800,1.200,2.400,2.400,4.800,2.400,0.400,2.400,0.400,1.200,4.800,0.800,0.800,1.000,0.000,94.500,-1.000,-1.000,-1.000,0.300,-1.000,-1.000,-1.000,,,,,,,,,,,,,,,,,,,,,,,,,,,,,,,,,,,,,,,,,,,,,1.000,0.000,0.000,1285.000,18809.000,-1.000,0.000,0.000,0.000,0.000,424.000,0.000,0.000,332.000,0.000,0.000,0.000,0.000,0.000,0.000,0.000,0.000,0.000,448.000,0.000,0.000,0.000,0.000,0.000,0.000,0.000,0.000,0.000,0.000,0.000,0.000,0.000
2017-06-30,08:06:34,0.100,0.000,0.000,0.100,0.000,0.000,0.000,0.000,0.100,0.000,0.000,0.100,0.000,2.000,8.000,8.000,8.000,0.100,0.100,0.000,0.000,0.000,0.800,0.800,0.800,0.100,0.100,0.100,6.700,0.000,0.200,6.700,0.000,0.000,0.000,7480.400,-0.000,-0.000,0.000,6548.700,-0.000,-0.000,0.000,-0.000,574.000,485.600,-1.000,0.800,0.000,255.400,0.000,0.400,0.000,0.100,0.000,0.400,0.100,0.500,2.200,2.200,4.400,2.200,0.000,2.200,0.000,0.500,4.400,0.000,0.000,1.000,0.000,83.300,-1.000,-1.000,-1.000,0.200,-1.000,-1.000,-1.000,,,,,,,,,,,,,,,,,,,,,,,,,,,,,,,,,,,,,,,,,,,,,0.000,0.000,0.000,1285.000,18809.000,-1.000,0.000,8.000,0.000,0.000,170.000,0.000,0.000,199.000,0.000,0.000,0.000,0.000,0.000,0.000,0.000,0.000,0.000,246.000,0.000,0.000,0.000,0.000,0.000,0.000,0.000,0.000,0.000,0.000,0.000,0.000,0.000
2017-06-30,08:06:44,0.000,0.000,0.000,0.000,0.100,0.100,0.000,0.200,0.100,0.100,0.000,0.200,0.000,2.000,4.000,4.000,4.000,0.200,0.200,0.000,0.000,0.000,0.400,0.400,0.400,0.100,0.100,0.100,6.700,0.000,0.200,6.700,0.000,0.000,0.000,7480.400,-0.000,-0.000,0.000,6548.700,-0.000,-0.000,0.000,-0.000,574.000,485.800,-1.000,0.800,0.000,255.400,0.000,0.500,0.400,0.800,0.400,0.500,0.800,1.300,3.200,3.200,6.400,3.200,0.400,3.200,0.400,1.300,6.400,0.800,0.800,1.000,0.000,95.600,-1.000,-1.000,-1.000,0.200,-1.000,-1.000,-1.000,,,,,,,,,,,,,,,,,,,,,,,,,,,,,,,,,,,,,,,,,,,,,1.000,0.000,0.000,1285.000,18809.000,-1.000,0.000,4.000,0.000,0.000,427.000,1.000,0.000,335.000,0.000,0.000,0.000,0.000,0.000,0.000,0.000,0.000,0.000,448.000,0.000,0.000,0.000,0.000,0.000,0.000,0.000,0.000,0.000,0.000,0.000,0.000,0.000
2017-06-30,08:06:54,0.100,0.000,0.000,0.100,0.000,0.000,0.000,0.000,0.100,0.100,0.000,0.200,0.000,2.000,0.000,0.000,0.000,0.000,0.000,0.000,0.000,0.000,0.000,0.000,0.000,0.000,0.000,0.000,6.700,0.000,0.200,6.700,0.000,0.000,0.000,7480.400,-0.000,-0.000,0.000,6548.900,-0.000,-0.000,0.000,-0.000,574.000,486.000,-1.000,0.800,0.000,255.400,0.000,3.300,0.000,0.300,0.000,3.300,0.300,3.600,3.800,3.900,7.700,3.800,0.000,3.900,0.000,3.600,7.700,0.000,0.000,1.000,0.000,83.800,-1.000,-1.000,-1.000,0.200,-1.000,-1.000,-1.000,,,,,,,,,,,,,,,,,,,,,,,,,,,,,,,,,,,,,,,,,,,,,1.000,0.000,0.000,1285.000,18809.000,-1.000,0.000,0.000,0.000,0.000,190.000,0.000,0.000,151.000,0.000,0.000,0.000,0.000,0.000,0.000,0.000,0.000,0.000,205.000,0.000,0.000,0.000,0.000,0.000,0.000,0.000,0.000,0.000,0.000,0.000,0.000,0.000
2017-06-30,08:07:04,0.100,0.000,0.000,0.100,0.100,0.100,0.000,0.200,0.100,0.100,0.000,0.200,0.000,2.000,0.000,0.000,0.000,0.000,0.000,0.000,0.000,0.000,0.000,0.000,0.000,0.000,0.000,0.000,6.700,0.000,0.200,6.700,0.000,0.000,0.000,7480.400,-0.000,-0.000,0.000,6549.900,-0.000,-0.000,0.000,-0.000,574.000,484.700,-1.000,0.800,0.000,255.400,0.000,2.300,0.400,1.300,0.400,2.300,1.300,3.600,11.000,11.000,22.000,11.000,0.400,11.000,0.400,3.600,22.000,0.800,0.800,1.000,0.000,118.900,-1.000,-1.000,-1.000,0.200,-1.000,-1.000,-1.000,,,,,,,,,,,,,,,,,,,,,,,,,,,,,,,,,,,,,,,,,,,,,1.000,0.000,0.000,1285.000,18809.000,-1.000,0.000,0.000,0.000,0.000,1024.000,0.000,0.000,482.000,0.000,0.000,0.000,0.000,0.000,0.000,0.000,0.000,0.000,600.000,0.000,0.000,0.000,0.000,0.000,0.000,0.000,0.000,0.000,0.000,0.000,0.000,0.000
2017-06-30,08:07:14,0.000,0.100,0.000,0.100,0.100,0.000,0.000,0.100,0.100,0.100,0.000,0.200,0.000,2.000,5.000,5.000,5.000,0.300,0.300,0.000,0.000,0.000,2.000,2.000,2.000,0.400,0.400,0.400,6.700,0.000,0.200,6.700,0.000,0.000,0.000,7480.400,-0.000,-0.000,0.000,6549.800,-0.000,-0.000,0.000,-0.000,574.000,484.900,-1.000,0.800,0.000,255.400,0.000,0.400,0.000,0.200,0.000,0.400,0.200,0.600,2.400,2.400,4.800,2.400,0.000,2.400,0.000,0.600,4.800,0.000,0.000,1.000,0.000,80.700,-1.000,-1.000,-1.000,0.200,-1.000,-1.000,-1.000,,,,,,,,,,,,,,,,,,,,,,,0.100,0.050,0.050,0.000,1180388.000,65716.000,24312.000,1127596.000,12852.000,3.000,0.000,,,,,,,,,,,,0.000,0.000,0.000,1285.000,18809.000,-1.000,0.000,20.000,0.000,0.000,170.000,0.000,0.000,149.000,0.000,0.000,0.000,0.000,0.000,0.000,0.000,0.000,0.000,194.000,0.000,0.000,0.000,0.000,0.000,0.000,0.000,0.000,0.000,0.000,0.000,0.000,0.000
2017-06-30,08:07:24,0.100,0.000,0.000,0.100,0.000,0.100,0.000,0.100,0.100,0.000,0.000,0.100,0.000,2.000,0.000,0.000,0.000,0.000,0.000,0.000,0.000,0.000,0.000,0.000,0.000,0.000,0.000,0.000,6.700,0.000,0.200,6.700,0.000,0.000,0.000,7480.400,-0.000,-0.000,0.000,6549.800,-0.000,-0.000,0.000,-0.000,574.000,485.100,-1.000,0.800,0.000,255.400,0.000,0.400,0.400,0.700,0.400,0.400,0.700,1.100,2.800,2.800,5.600,2.800,0.400,2.800,0.400,1.100,5.600,0.800,0.800,1.000,0.000,94.500,-1.000,-1.000,-1.000,0.300,-1.000,-1.000,-1.000,,,,,,,,,,,,,,,,,,,,,,,,,,,,,,,,,,,,,,,,,,,,,1.000,0.000,0.000,1285.000,18809.000,-1.000,0.000,0.000,0.000,0.000,426.000,0.000,0.000,335.000,0.000,0.000,0.000,0.000,0.000,0.000,0.000,0.000,0.000,28.000,0.000,0.000,0.000,0.000,0.000,0.000,0.000,0.000,0.000,0.000,0.000,0.000,0.000
2017-06-30,08:07:34,0.000,0.000,0.000,0.000,0.100,0.000,0.000,0.100,0.100,0.000,0.000,0.100,0.000,2.000,0.000,0.000,0.000,0.000,0.000,0.000,0.000,0.000,0.000,0.000,0.000,0.000,0.000,0.000,6.700,0.000,0.200,6.700,0.000,0.000,0.000,7480.400,-0.000,-0.000,0.000,6549.600,-0.000,-0.000,0.000,-0.000,574.000,485.500,-1.000,0.800,0.000,255.400,0.000,0.400,0.000,0.100,0.000,0.400,0.100,0.500,2.200,2.200,4.400,2.200,0.000,2.200,0.000,0.500,4.400,0.000,0.000,1.000,0.000,83.000,-1.000,-1.000,-1.000,0.200,-1.000,-1.000,-1.000,,,,,,,,,,,,,,,,,,,,,,,,,,,,,,,,,,,,,,,,,,,,,1.000,0.000,0.000,1285.000,18809.000,-1.000,0.000,0.000,0.000,0.000,170.000,0.000,0.000,200.000,0.000,0.000,0.000,0.000,0.000,0.000,0.000,0.000,0.000,0.000,0.000,0.000,0.000,0.000,0.000,0.000,0.000,0.000,0.000,0.000,0.000,0.000,0.000
2017-06-30,08:07:44,0.100,0.100,0.000,0.200,0.100,0.100,0.000,0.200,0.100,0.100,0.000,0.200,0.000,2.000,4.000,4.000,4.000,0.200,0.100,0.000,0.000,0.000,0.400,0.400,0.400,0.100,0.100,0.100,6.700,0.000,0.200,6.700,0.000,0.000,0.000,7480.400,-0.000,-0.000,0.000,6550.300,-0.000,-0.000,0.000,-0.000,574.000,484.700,-1.000,0.800,0.000,255.400,0.000,0.300,0.400,0.900,0.400,0.300,0.900,1.200,2.200,2.200,4.400,2.200,0.400,2.200,0.400,1.200,4.400,0.800,0.800,1.000,0.000,94.600,-1.000,-1.000,-1.000,0.200,-1.000,-1.000,-1.000,,,,,,,,,,,,,,,,,,,,,,,,,,,,,,,,,,,,,,,,,,,,,2.000,0.000,0.000,1285.000,18809.000,-1.000,0.000,4.000,0.000,0.000,677.000,0.000,0.000,339.000,0.000,0.000,0.000,0.000,0.000,0.000,0.000,0.000,0.000,0.000,0.000,0.000,0.000,0.000,0.000,0.000,0.000,0.000,0.000,0.000,0.000,0.000,0.000
2017-06-30,08:07:54,0.000,0.000,0.000,0.000,0.000,0.000,0.000,0.000,0.100,0.000,0.000,0.100,0.000,2.000,8.000,8.000,8.000,0.000,0.100,0.000,0.000,0.000,0.800,0.800,0.800,0.100,0.100,0.100,6.700,0.000,0.200,6.700,0.000,0.000,0.000,7480.400,-0.000,-0.000,0.000,6550.100,-0.000,-0.000,0.000,-0.000,574.000,484.800,-1.000,0.800,0.000,255.400,0.000,3.000,0.000,0.300,0.000,3.000,0.300,3.300,1.900,1.900,3.800,1.900,0.000,1.900,0.000,3.300,3.800,0.000,0.000,1.000,0.000,77.500,-1.000,-1.000,-1.000,0.200,-1.000,-1.000,-1.000,,,,,,,,,,,,,,,,,,,,,,,,,,,,,,,,,,,,,,,,,,,,,0.000,0.000,0.000,1285.000,18809.000,-1.000,0.000,8.000,0.000,0.000,170.000,1.000,0.000,136.000,0.000,0.000,0.000,0.000,0.000,0.000,0.000,0.000,0.000,0.000,0.000,0.000,0.000,0.000,0.000,0.000,0.000,0.000,0.000,0.000,0.000,0.000,0.000
2017-06-30,08:08:04,0.100,0.000,0.000,0.100,0.200,0.100,0.000,0.300,0.100,0.100,0.000,0.200,0.000,2.000,0.000,0.000,0.000,0.000,0.000,0.000,0.000,0.000,0.000,0.000,0.000,0.000,0.000,0.000,6.700,0.000,0.200,6.700,0.000,0.000,0.000,7480.400,-0.000,-0.000,0.000,6549.800,-0.000,-0.000,0.000,-0.000,574.000,485.500,-1.000,0.800,0.000,255.400,0.000,2.100,0.400,1.300,0.400,2.100,1.300,3.400,10.100,10.200,20.300,10.100,0.400,10.200,0.400,3.400,20.300,0.800,0.800,1.000,0.000,113.200,-1.000,-1.000,-1.000,0.200,-1.000,-1.000,-1.000,,,,,,,,,,,,,,,,,,,,,,,,,,,,,,,,,,,,,,,,,,,,,1.000,0.000,0.000,1285.000,18809.000,-1.000,0.000,0.000,0.000,0.000,495.000,0.000,0.000,455.000,0.000,0.000,0.000,0.000,0.000,0.000,0.000,0.000,0.000,192.000,0.000,0.000,0.000,0.000,0.000,0.000,0.000,0.000,0.000,0.000,0.000,0.000,0.000
2017-06-30,08:08:14,0.000,0.100,0.000,0.100,0.000,0.000,0.000,0.000,0.100,0.000,0.000,0.100,0.000,2.000,4.000,4.000,4.000,0.200,0.100,0.000,0.000,0.000,0.400,0.400,0.400,0.100,0.100,0.100,6.700,0.000,0.200,6.700,0.000,0.000,0.000,7480.400,-0.000,-0.000,0.000,6549.800,-0.000,-0.000,0.000,-0.000,574.000,485.600,-1.000,0.800,0.000,255.400,0.000,0.000,0.000,0.000,0.000,0.000,0.000,0.000,0.300,0.300,0.600,0.300,0.000,0.300,0.000,0.000,0.600,0.000,0.000,1.000,0.000,75.600,-1.000,-1.000,-1.000,0.200,-1.000,-1.000,-1.000,,,,,,,,,,,,,,,,,,,,,,,,,,,,,,,,,,,,,,,,,,,,,1.000,0.000,0.000,1285.000,18809.000,-1.000,0.000,4.000,0.000,0.000,149.000,0.000,0.000,132.000,0.000,0.000,0.000,0.000,0.000,0.000,0.000,0.000,0.000,177.000,0.000,0.000,0.000,0.000,0.000,0.000,0.000,0.000,0.000,0.000,0.000,0.000,0.000
2017-06-30,08:08:24,0.100,0.000,0.000,0.100,0.100,0.100,0.000,0.200,0.100,0.100,0.000,0.200,0.000,2.000,0.000,0.000,0.000,0.000,0.000,0.000,0.000,0.000,0.000,0.000,0.000,0.000,0.000,0.000,6.700,0.000,0.200,6.700,0.000,0.000,0.000,7480.400,-0.000,-0.000,0.000,6549.900,-0.000,-0.000,0.000,-0.000,574.000,485.700,-1.000,0.800,0.000,255.400,0.000,0.200,0.400,0.600,0.400,0.200,0.600,0.800,1.200,1.200,2.400,1.200,0.400,1.200,0.400,0.800,2.400,0.800,0.800,1.000,0.000,92.200,-1.000,-1.000,-1.000,0.300,-1.000,-1.000,-1.000,,,,,,,,,,,,,,,,,,,,,,,,,,,,,,,,,,,,,,,,,,,,,1.000,0.000,0.000,1285.000,18809.000,-1.000,0.000,0.000,0.000,0.000,411.000,0.000,0.000,320.000,0.000,0.000,0.000,0.000,0.000,0.000,0.000,0.000,0.000,436.000,0.000,0.000,0.000,0.000,0.000,0.000,0.000,0.000,0.000,0.000,0.000,0.000,0.000
2017-06-30,08:08:34,0.000,0.000,0.000,0.000,0.100,0.000,0.000,0.100,0.100,0.000,0.000,0.100,0.000,2.000,4.000,4.000,4.000,0.200,0.300,0.000,0.000,0.000,0.400,0.400,0.400,0.100,0.100,0.100,6.700,0.000,0.200,6.700,0.000,0.000,0.000,7480.400,-0.000,-0.000,0.000,6549.900,-0.000,-0.000,0.000,-0.000,574.000,486.000,-1.000,0.800,0.000,255.400,0.000,0.000,0.000,0.000,0.000,0.000,0.000,0.000,0.200,0.200,0.400,0.200,0.000,0.200,0.000,0.000,0.400,0.000,0.000,1.000,0.000,77.700,-1.000,-1.000,-1.000,0.200,-1.000,-1.000,-1.000,,,,,,,,,,,,,,,,,,,,,,,,,,,,,,,,,,,,,,,,,,,,,0.000,0.000,0.000,1285.000,18809.000,-1.000,0.000,4.000,0.000,0.000,150.000,0.000,0.000,181.000,0.000,0.000,0.000,0.000,0.000,0.000,0.000,0.000,0.000,226.000,0.000,0.000,0.000,0.000,0.000,0.000,0.000,0.000,0.000,0.000,0.000,0.000,0.000
2017-06-30,08:08:44,0.000,0.000,0.000,0.000,0.000,0.000,0.000,0.000,0.100,0.100,0.000,0.200,0.000,2.000,5.300,5.300,5.300,0.100,0.100,0.000,0.000,0.000,1.600,1.600,1.600,0.300,0.300,0.300,6.700,0.000,0.200,6.700,0.000,0.000,0.000,7480.400,-0.000,-0.000,0.000,6549.800,-0.000,-0.000,0.000,-0.000,574.000,486.100,-1.000,0.800,0.000,255.400,0.000,0.100,0.400,0.700,0.400,0.100,0.700,0.800,1.000,1.000,2.000,1.000,0.400,1.000,0.400,0.800,2.000,0.800,0.800,1.000,0.000,88.900,-1.000,-1.000,-1.000,0.200,-1.000,-1.000,-1.000,,,,,,,,,,,,,,,,,,,,,,,,,,,,,,,,,,,,,,,,,,,,,1.000,0.000,0.000,1285.000,18809.000,-1.000,0.000,16.000,0.000,0.000,404.000,0.000,0.000,317.000,0.000,0.000,0.000,0.000,0.000,0.000,0.000,0.000,0.000,429.000,0.000,0.000,0.000,0.000,0.000,0.000,0.000,0.000,0.000,0.000,0.000,0.000,0.000
2017-06-30,08:08:54,0.100,0.000,0.000,0.100,0.100,0.000,0.000,0.100,0.100,0.000,0.000,0.100,0.000,2.000,0.000,0.000,0.000,0.000,0.000,0.000,0.000,0.000,0.000,0.000,0.000,0.000,0.000,0.000,6.700,0.000,0.200,6.700,0.000,0.000,0.000,7480.400,-0.000,-0.000,0.000,6550.500,-0.000,-0.000,0.000,-0.000,574.000,485.300,-1.000,0.800,0.000,255.400,0.000,3.000,0.000,0.300,0.000,3.000,0.300,3.300,2.100,2.100,4.200,2.100,0.000,2.100,0.000,3.300,4.200,0.000,0.000,1.000,0.000,78.500,-1.000,-1.000,-1.000,0.200,-1.000,-1.000,-1.000,,,,,,,,,,,,,,,,,,,,,,,,,,,,,,,,,,,,,,,,,,,,,2.000,0.000,0.000,1285.000,18809.000,-1.000,0.000,0.000,0.000,0.000,431.000,0.000,0.000,147.000,0.000,0.000,0.000,0.000,0.000,0.000,0.000,0.000,0.000,195.000,0.000,0.000,0.000,0.000,0.000,0.000,0.000,0.000,0.000,0.000,0.000,0.000,0.000
2017-06-30,08:09:04,0.100,0.100,0.000,0.200,0.000,0.100,0.000,0.100,0.100,0.100,0.000,0.200,0.000,2.000,0.000,0.000,0.000,0.000,0.000,0.000,0.000,0.000,0.000,0.000,0.000,0.000,0.000,0.000,6.700,0.000,0.200,6.700,0.000,0.000,0.000,7480.400,-0.000,-0.000,0.000,6551.800,-0.000,-0.000,0.000,-0.000,574.000,485.000,-1.000,0.800,0.000,255.400,0.000,2.100,0.400,1.300,0.400,2.100,1.300,3.400,9.600,9.700,19.300,9.600,0.400,9.700,0.400,3.400,19.300,0.800,0.800,1.000,0.000,116.000,-1.000,-1.000,-1.000,0.200,-1.000,-1.000,-1.000,,,,,,,,,,,,,,,,,,,,,,,,,,,,,,,,,,,,,,,,,,,,,2.000,0.000,0.000,1285.000,18809.000,-1.000,0.000,0.000,0.000,0.000,751.000,1.000,0.000,464.000,0.000,0.000,0.000,0.000,0.000,0.000,0.000,0.000,0.000,587.000,0.000,0.000,0.000,0.000,0.000,0.000,0.000,0.000,0.000,0.000,0.000,0.000,0.000
2017-06-30,08:09:14,0.000,0.000,0.000,0.000,0.100,0.000,0.000,0.100,0.000,0.000,0.000,0.000,0.000,2.000,6.000,6.000,6.000,0.100,0.100,0.000,0.000,0.000,1.200,1.200,1.200,0.200,0.200,0.200,6.700,0.000,0.200,6.700,0.000,0.000,0.000,7480.400,-0.000,-0.000,0.000,6551.600,-0.000,-0.000,0.000,-0.000,574.000,485.100,-1.000,0.800,0.000,255.400,0.000,0.100,0.000,0.000,0.000,0.100,0.000,0.100,0.600,0.600,1.200,0.600,0.000,0.600,0.000,0.100,1.200,0.000,0.000,1.000,0.000,76.000,-1.000,-1.000,-1.000,0.200,-1.000,-1.000,-1.000,,,,,,,,,,,,,,,,,,,,,,,,,,,,,,,,,,,,,,,,,,,,,0.000,0.000,0.000,1285.000,18809.000,-1.000,0.000,12.000,0.000,0.000,152.000,0.000,0.000,136.000,0.000,0.000,0.000,0.000,0.000,0.000,0.000,0.000,0.000,181.000,0.000,0.000,0.000,0.000,0.000,0.000,0.000,0.000,0.000,0.000,0.000,0.000,0.000
2017-06-30,08:09:24,0.100,0.000,0.000,0.100,0.000,0.100,0.000,0.100,0.100,0.100,0.000,0.200,0.000,2.000,0.000,0.000,0.000,0.000,0.000,0.000,0.000,0.000,0.000,0.000,0.000,0.000,0.000,0.000,6.700,0.000,0.200,6.700,0.000,0.000,0.000,7480.400,-0.000,-0.000,0.000,6551.600,-0.000,-0.000,0.000,-0.000,574.000,485.200,-1.000,0.800,0.000,255.400,0.000,0.100,0.400,0.600,0.400,0.100,0.600,0.700,0.900,0.900,1.800,0.900,0.400,0.900,0.400,0.700,1.800,0.800,0.800,1.000,0.000,88.100,-1.000,-1.000,-1.000,0.300,-1.000,-1.000,-1.000,,,,,,,,,,,,,,,,,,,,,,,,,,,,,,,,,,,,,,,,,,,,,1.000,0.000,0.000,1285.000,18809.000,-1.000,0.000,0.000,0.000,0.000,407.000,0.000,0.000,317.000,0.000,0.000,0.000,0.000,0.000,0.000,0.000,0.000,0.000,111.000,0.000,0.000,0.000,0.000,0.000,0.000,0.000,0.000,0.000,0.000,0.000,0.000,0.000
2017-06-30,08:09:34,0.000,0.000,0.000,0.000,0.100,0.100,0.000,0.200,0.100,0.100,0.000,0.200,0.000,2.000,0.000,0.000,0.000,0.000,0.000,0.000,0.000,0.000,0.000,0.000,0.000,0.000,0.000,0.000,6.700,0.000,0.200,6.700,0.000,0.000,0.000,7480.400,-0.000,-0.000,0.000,6551.200,-0.000,-0.000,0.000,-0.000,574.000,485.700,-1.000,0.800,0.000,255.400,0.000,0.200,0.000,0.300,0.000,0.200,0.300,0.500,2.500,2.700,5.200,2.500,0.000,2.700,0.000,0.500,5.200,0.000,0.000,1.000,0.000,84.000,-1.000,-1.000,-1.000,0.200,-1.000,-1.000,-1.000,,,,,,,,,,,,,,,,,,,,,,,,,,,,,,,,,,,,,,,,,,,,,3.000,0.000,0.000,1285.000,18809.000,-1.000,0.000,0.000,0.000,0.000,153.000,0.000,0.000,231.000,0.000,0.000,0.000,0.000,0.000,0.000,0.000,0.000,0.000,0.000,0.000,0.000,0.000,0.000,0.000,0.000,0.000,0.000,0.000,0.000,0.000,0.000,0.000
2017-06-30,08:09:44,0.100,0.100,0.000,0.200,0.000,0.000,0.000,0.000,0.100,0.100,0.000,0.200,0.000,2.000,5.300,5.300,5.300,0.200,0.200,0.000,0.000,0.000,1.600,1.600,1.600,0.300,0.300,0.300,6.700,0.000,0.200,6.700,0.000,0.000,0.000,7480.400,-0.000,-0.000,0.000,6551.400,-0.000,-0.000,0.000,-0.000,574.000,484.900,-1.000,0.800,0.000,255.400,0.000,0.100,0.400,0.700,0.400,0.100,0.700,0.800,1.000,1.000,2.000,1.000,0.400,1.000,0.400,0.800,2.000,0.800,0.800,1.000,0.000,90.900,-1.000,-1.000,-1.000,0.200,-1.000,-1.000,-1.000,,,,,,,,,,,,,,,,,,,,,,,,,,,,,,,,,,,,,,,,,,,,,3.000,0.000,0.000,1285.000,18809.000,-1.000,0.000,16.000,0.000,0.000,659.000,0.000,0.000,333.000,0.000,0.000,0.000,0.000,0.000,0.000,0.000,0.000,0.000,0.000,0.000,0.000,0.000,0.000,0.000,0.000,0.000,0.000,0.000,0.000,0.000,0.000,0.000
2017-06-30,08:09:54,0.100,0.000,0.000,0.100,0.100,0.000,0.000,0.100,0.100,0.000,0.000,0.100,0.000,2.000,4.000,4.000,4.000,0.100,0.100,0.000,0.000,0.000,0.400,0.400,0.400,0.100,0.100,0.100,6.700,0.000,0.200,6.700,0.000,0.000,0.000,7480.400,-0.000,-0.000,0.000,6551.400,-0.000,-0.000,0.000,-0.000,574.000,485.000,-1.000,0.800,0.000,255.400,0.000,3.000,0.000,0.200,0.000,3.000,0.200,3.200,2.100,2.100,4.200,2.100,0.000,2.100,0.000,3.200,4.200,0.000,0.000,1.000,0.000,78.000,-1.000,-1.000,-1.000,0.200,-1.000,-1.000,-1.000,,,,,,,,,,,,,,,,,,,,,,,,,,,,,,,,,,,,,,,,,,,,,2.000,0.000,0.000,1285.000,18809.000,-1.000,0.000,4.000,0.000,0.000,177.000,0.000,0.000,136.000,0.000,0.000,0.000,0.000,0.000,0.000,0.000,0.000,0.000,0.000,0.000,0.000,0.000,0.000,0.000,0.000,0.000,0.000,0.000,0.000,0.000,0.000,0.000
2017-06-30,08:10:04,0.100,0.100,0.000,0.200,0.100,0.300,0.000,0.400,0.200,0.200,0.000,0.400,0.000,2.000,0.000,0.000,0.000,0.000,0.000,0.000,0.000,0.000,0.000,0.000,0.000,0.000,0.000,0.000,6.700,0.000,0.200,6.700,0.000,0.000,0.000,7480.400,-0.000,-0.000,0.000,6550.800,-0.000,-0.000,0.000,-0.000,574.000,485.700,-1.000,0.800,0.000,255.400,0.000,2.200,0.400,1.300,0.400,2.200,1.300,3.500,10.600,10.700,21.300,10.600,0.400,10.700,0.400,3.500,21.300,0.800,0.800,1.000,0.000,151.700,-1.000,-1.000,-1.000,0.800,-1.000,-1.000,-1.000,,,,,,,,,,,,,,,,,,,,,,,,,,,,,,,,,,,,,,,,,,,,,10.000,0.000,0.000,1285.000,18811.000,-1.000,0.000,0.000,0.000,0.000,1506.000,5.000,0.000,3537.000,0.000,0.000,0.000,0.000,0.000,0.000,0.000,0.000,0.000,1121.000,0.000,0.000,0.000,0.000,0.000,0.000,0.000,0.000,0.000,0.000,0.000,0.000,0.000
2017-06-30,08:10:14,0.000,0.000,0.000,0.000,0.100,0.000,0.000,0.100,0.100,0.100,0.000,0.200,0.000,2.000,4.000,4.000,4.000,0.300,0.300,0.000,0.000,0.000,1.200,1.200,1.200,0.300,0.300,0.300,6.700,0.000,0.200,6.700,0.000,0.000,0.000,7480.400,-0.000,-0.000,0.000,6550.800,-0.000,-0.000,0.000,-0.000,574.000,485.800,-1.000,0.800,0.000,255.400,0.000,0.000,0.000,0.000,0.000,0.000,0.000,0.000,0.400,0.400,0.800,0.400,0.000,0.400,0.000,0.000,0.800,0.000,0.000,1.000,0.000,76.000,-1.000,-1.000,-1.000,0.200,-1.000,-1.000,-1.000,,,,,,,,,,,,,,,,,,,,,,,,,,,,,,,,,,,,,,,,,,,,,8.000,0.000,0.000,1285.000,18811.000,-1.000,0.000,12.000,0.000,0.000,150.000,1.000,0.000,132.000,0.000,0.000,0.000,0.000,0.000,0.000,0.000,0.000,0.000,179.000,0.000,0.000,0.000,0.000,0.000,0.000,0.000,0.000,0.000,0.000,0.000,0.000,0.000
2017-06-30,08:10:24,0.100,0.100,0.000,0.200,0.100,0.100,0.000,0.200,0.100,0.100,0.000,0.200,0.000,2.000,0.000,0.000,0.000,0.000,0.000,0.000,0.000,0.000,0.000,0.000,0.000,0.000,0.000,0.000,6.700,0.000,0.200,6.700,0.000,0.000,0.000,7480.400,-0.000,-0.000,0.000,6550.800,-0.000,-0.000,0.000,-0.000,574.000,485.900,-1.000,0.800,0.000,255.400,0.000,0.200,0.400,0.600,0.400,0.200,0.600,0.800,1.300,1.300,2.600,1.300,0.400,1.300,0.400,0.800,2.600,0.800,0.800,1.000,0.000,90.800,-1.000,-1.000,-1.000,0.300,-1.000,-1.000,-1.000,,,,,,,,,,,,0.100,0.050,0.050,0.000,854828.000,4452.000,204.000,738064.000,2872.000,18.000,0.000,,,,,,,,,,,,,,,,,,,,,,,8.000,0.000,0.000,1285.000,18811.000,-1.000,0.000,0.000,0.000,0.000,411.000,0.000,0.000,320.000,0.000,0.000,0.000,0.000,0.000,0.000,0.000,0.000,0.000,436.000,0.000,0.000,0.000,0.000,0.000,0.000,0.000,0.000,0.000,0.000,0.000,0.000,0.000
2017-06-30,08:10:34,0.100,0.000,0.000,0.100,0.100,0.000,0.000,0.100,0.100,0.000,0.000,0.100,0.000,2.000,8.000,8.000,8.000,0.100,0.100,0.000,0.000,0.000,0.800,0.800,0.800,0.100,0.100,0.100,6.700,0.000,0.200,6.700,0.000,0.000,0.000,7480.400,-0.000,-0.000,0.000,6551.200,-0.000,-0.000,0.000,-0.000,574.000,485.300,-1.000,0.800,0.000,255.400,0.000,0.100,0.000,0.000,0.000,0.100,0.000,0.100,0.400,0.400,0.800,0.400,0.000,0.400,0.000,0.100,0.800,0.000,0.000,1.000,0.000,78.900,-1.000,-1.000,-1.000,0.200,-1.000,-1.000,-1.000,,,,,,,,,,,,,,,,,,,,,,,,,,,,,,,,,,,,,,,,,,,,,6.000,0.000,0.000,1285.000,18811.000,-1.000,0.000,8.000,0.000,0.000,410.000,0.000,0.000,205.000,0.000,0.000,0.000,0.000,0.000,0.000,0.000,0.000,0.000,254.000,0.000,0.000,0.000,0.000,0.000,0.000,0.000,0.000,0.000,0.000,0.000,0.000,0.000
2017-06-30,08:10:44,0.000,0.000,0.000,0.000,0.000,0.100,0.000,0.100,0.100,0.100,0.000,0.200,0.000,2.000,6.300,6.300,6.300,0.300,0.300,0.000,0.000,0.000,4.400,4.400,4.400,0.700,0.700,0.700,6.700,0.000,0.200,6.700,0.000,0.000,0.000,7480.400,-0.000,-0.000,0.000,6551.200,-0.000,-0.000,0.000,-0.000,574.000,485.400,-1.000,0.800,0.000,255.400,0.000,0.200,0.400,0.700,0.400,0.200,0.700,0.900,1.100,1.100,2.200,1.100,0.400,1.100,0.400,0.900,2.200,0.800,0.800,1.000,0.000,93.000,-1.000,-1.000,-1.000,0.200,-1.000,-1.000,-1.000,,,,,,,,,,,,,,,,,,,,,,,,,,,,,,,,,,,,,,,,,,,,,1.000,0.000,0.000,1285.000,18811.000,-1.000,0.000,44.000,0.000,0.000,407.000,0.000,0.000,320.000,0.000,0.000,0.000,0.000,0.000,0.000,0.000,0.000,0.000,432.000,0.000,0.000,0.000,0.000,0.000,0.000,0.000,0.000,0.000,0.000,0.000,0.000,0.000
2017-06-30,08:10:54,0.000,0.000,0.000,0.000,0.100,0.000,0.000,0.100,0.100,0.000,0.000,0.100,0.000,2.000,0.000,0.000,0.000,0.000,0.000,0.000,0.000,0.000,0.000,0.000,0.000,0.000,0.000,0.000,6.700,0.000,0.200,6.700,0.000,0.000,0.000,7480.400,-0.000,-0.000,0.000,6551.900,-0.000,-0.000,0.000,-0.000,574.000,484.600,-1.000,0.800,0.000,255.400,0.000,3.000,0.000,0.300,0.000,3.000,0.300,3.300,2.100,2.100,4.200,2.100,0.000,2.100,0.000,3.300,4.200,0.000,0.000,1.000,0.000,78.900,-1.000,-1.000,-1.000,0.200,-1.000,-1.000,-1.000,,,,,,,,,,,,,,,,,,,,,,,,,,,,,,,,,,,,,,,,,,,,,1.000,0.000,0.000,1285.000,18811.000,-1.000,0.000,0.000,0.000,0.000,430.000,0.000,0.000,149.000,0.000,0.000,0.000,0.000,0.000,0.000,0.000,0.000,0.000,115.000,0.000,0.000,0.000,0.000,0.000,0.000,0.000,0.000,0.000,0.000,0.000,0.000,0.000
2017-06-30,08:11:04,0.100,0.000,0.000,0.100,0.200,0.100,0.000,0.300,0.100,0.100,0.000,0.200,0.000,2.000,0.000,0.000,0.000,0.000,0.000,0.000,0.000,0.000,0.000,0.000,0.000,0.000,0.000,0.000,6.700,0.000,0.200,6.700,0.000,0.000,0.000,7480.400,-0.000,-0.000,0.000,6551.700,-0.000,-0.000,0.000,-0.000,574.000,485.200,-1.000,0.800,0.000,255.400,0.000,2.100,0.900,1.600,0.900,2.100,1.600,3.700,9.500,9.600,19.100,9.500,0.800,9.600,0.800,3.700,19.100,1.800,1.600,1.000,0.000,113.500,-1.000,-1.000,-1.000,0.200,-1.000,-1.000,-1.000,,,,,,,,,,,,,,,,,,,,,,,0.100,0.050,0.050,0.000,1180388.000,65524.000,24312.000,1127596.000,12852.000,10.000,0.000,,,,,,,,,,,,1.000,0.000,0.000,1285.000,18811.000,-1.000,0.000,0.000,0.000,0.000,491.000,0.000,0.000,455.000,0.000,0.000,0.000,0.000,0.000,0.000,0.000,0.000,0.000,0.000,0.000,0.000,0.000,0.000,0.000,0.000,0.000,0.000,0.000,0.000,0.000,0.000,0.000
2017-06-30,08:11:14,0.000,0.000,0.000,0.000,0.000,0.000,0.000,0.000,0.100,0.000,0.000,0.100,0.000,2.000,6.500,6.500,6.500,0.200,0.200,0.000,0.000,0.000,7.200,7.200,7.200,1.100,1.100,1.100,6.700,0.000,0.200,6.700,0.000,0.000,0.000,7480.400,-0.000,-0.000,0.000,6551.700,-0.000,-0.000,0.000,-0.000,574.000,485.300,-1.000,0.800,0.000,255.400,0.000,0.000,0.000,0.100,0.000,0.000,0.100,0.100,0.300,0.300,0.600,0.300,0.000,0.300,0.000,0.100,0.600,0.000,0.000,1.000,0.000,75.500,-1.000,-1.000,-1.000,0.200,-1.000,-1.000,-1.000,,,,,,,,,,,,,,,,,,,,,,,,,,,,,,,,,,,,,,,,,,,,,0.000,0.000,0.000,1285.000,18811.000,-1.000,0.000,72.000,0.000,0.000,149.000,0.000,0.000,133.000,0.000,0.000,0.000,0.000,0.000,0.000,0.000,0.000,0.000,0.000,0.000,0.000,0.000,0.000,0.000,0.000,0.000,0.000,0.000,0.000,0.000,0.000,0.000
2017-06-30,08:11:24,0.100,0.100,0.000,0.200,0.100,0.100,0.000,0.200,0.100,0.100,0.000,0.200,0.000,2.000,0.000,0.000,0.000,0.000,0.000,0.000,0.000,0.000,0.000,0.000,0.000,0.000,0.000,0.000,6.700,0.000,0.200,6.700,0.000,0.000,0.000,7480.400,-0.000,-0.000,0.000,6551.400,-0.000,-0.000,0.000,-0.000,574.000,485.500,-1.000,0.800,0.000,255.400,0.000,0.100,0.400,0.600,0.400,0.100,0.600,0.700,1.000,1.000,2.000,1.000,0.400,1.000,0.400,0.700,2.000,0.800,0.800,1.000,0.000,94.300,-1.000,-1.000,-1.000,0.300,-1.000,-1.000,-1.000,0.100,0.050,0.050,0.000,369928.000,12668.000,3648.000,354244.000,5288.000,0.000,0.000,,,,,,,,,,,,,,,,,,,,,,,,,,,,,,,,,,1.000,0.000,0.000,1285.000,18811.000,-1.000,0.000,0.000,0.000,0.000,410.000,1.000,0.000,319.000,0.000,0.000,0.000,0.000,0.000,0.000,0.000,0.000,0.000,0.000,0.000,0.000,0.000,0.000,0.000,0.000,0.000,0.000,0.000,0.000,0.000,0.000,0.000
2017-06-30,08:11:34,0.000,0.000,0.000,0.000,0.000,0.000,0.000,0.000,0.100,0.100,0.000,0.200,0.000,2.000,0.000,0.000,0.000,0.000,0.000,0.000,0.000,0.000,0.000,0.000,0.000,0.000,0.000,0.000,6.700,0.000,0.200,6.700,0.000,0.000,0.000,7480.400,-0.000,-0.000,0.000,6551.000,-0.000,-0.000,0.000,-0.000,574.000,485.800,-1.000,0.800,0.000,255.400,0.000,0.100,0.000,0.000,0.000,0.100,0.000,0.100,0.300,0.300,0.600,0.300,0.000,0.300,0.000,0.100,0.600,0.000,0.000,1.000,0.000,78.200,-1.000,-1.000,-1.000,0.200,-1.000,-1.000,-1.000,,,,,,,,,,,,,,,,,,,,,,,,,,,,,,,,,,,,,,,,,,,,,1.000,0.000,0.000,1285.000,18811.000,-1.000,0.000,0.000,0.000,0.000,151.000,0.000,0.000,182.000,0.000,0.000,0.000,0.000,0.000,0.000,0.000,0.000,0.000,0.000,0.000,0.000,0.000,0.000,0.000,0.000,0.000,0.000,0.000,0.000,0.000,0.000,0.000
2017-06-30,08:11:44,0.000,0.000,0.000,0.000,0.100,0.100,0.000,0.200,0.100,0.100,0.000,0.200,0.000,2.000,5.300,5.300,5.300,0.100,0.100,0.000,0.000,0.000,1.600,1.600,1.600,0.300,0.300,0.300,6.700,0.000,0.200,6.700,0.000,0.000,0.000,7480.400,-0.000,-0.000,0.000,6551.000,-0.000,-0.000,0.000,-0.000,574.000,485.900,-1.000,0.800,0.000,255.400,0.000,0.200,0.400,0.700,0.400,0.200,0.700,0.900,1.100,1.100,2.200,1.100,0.400,1.100,0.400,0.900,2.200,0.800,0.800,1.000,0.000,95.300,-1.000,-1.000,-1.000,0.200,-1.000,-1.000,-1.000,,,,,,,,,,,,,,,,,,,,,,,,,,,,,,,,,,,,,,,,,,,,,1.000,0.000,0.000,1285.000,18811.000,-1.000,0.000,16.000,0.000,0.000,406.000,0.000,0.000,317.000,0.000,0.000,0.000,0.000,0.000,0.000,0.000,0.000,0.000,237.000,0.000,0.000,0.000,0.000,0.000,0.000,0.000,0.000,0.000,0.000,0.000,0.000,0.000
2017-06-30,08:11:54,0.100,0.100,0.000,0.200,0.100,0.000,0.000,0.100,0.100,0.000,0.000,0.100,0.000,2.000,4.000,4.000,4.000,0.000,0.000,0.000,0.000,0.000,0.400,0.400,0.400,0.100,0.100,0.100,6.700,0.000,0.200,6.700,0.000,0.000,0.000,7480.400,-0.000,-0.000,0.000,6551.100,-0.000,-0.000,0.000,-0.000,574.000,486.000,-1.000,0.800,0.000,255.400,0.000,3.000,0.000,0.300,0.000,3.000,0.300,3.300,2.200,2.300,4.500,2.200,0.000,2.300,0.000,3.300,4.500,0.000,0.000,1.000,0.000,79.800,-1.000,-1.000,-1.000,0.200,-1.000,-1.000,-1.000,,,,,,,,,,,,,,,,,,,,,,,,,,,,,,,,,,,,,,,,,,,,,0.000,0.000,0.000,1285.000,18811.000,-1.000,0.000,4.000,0.000,0.000,174.000,0.000,0.000,138.000,0.000,0.000,0.000,0.000,0.000,0.000,0.000,0.000,0.000,184.000,0.000,0.000,0.000,0.000,0.000,0.000,0.000,0.000,0.000,0.000,0.000,0.000,0.000
2017-06-30,08:12:04,0.000,0.000,0.000,0.000,0.200,0.000,0.000,0.200,0.100,0.100,0.000,0.200,0.000,2.000,0.000,0.000,0.000,0.000,0.000,0.000,0.000,0.000,0.000,0.000,0.000,0.000,0.000,0.000,6.700,0.000,0.200,6.700,0.000,0.000,0.000,7480.400,-0.000,-0.000,0.000,6552.100,-0.000,-0.000,0.000,-0.000,574.000,485.900,-1.000,0.800,0.000,255.400,0.000,3.100,0.400,1.600,0.400,3.100,1.600,4.700,15.000,15.000,30.000,15.000,0.400,15.000,0.400,4.700,30.000,0.800,0.800,1.000,0.000,128.600,-1.000,-1.000,-1.000,0.200,-1.000,-1.000,-1.000,,,,,,,,,,,,,,,,,,,,,,,,,,,,,,,,,,,,,,,,,,,,,1.000,0.000,0.000,1285.000,18811.000,-1.000,0.000,0.000,0.000,0.000,805.000,0.000,0.000,519.000,0.000,0.000,0.000,0.000,0.000,0.000,0.000,0.000,0.000,640.000,0.000,0.000,0.000,0.000,0.000,0.000,0.000,0.000,0.000,0.000,0.000,0.000,0.000
2017-06-30,08:12:14,0.100,0.100,0.000,0.200,0.000,0.100,0.000,0.100,0.100,0.100,0.000,0.200,0.000,2.000,4.000,4.000,4.000,0.200,0.200,0.000,0.000,0.000,0.400,0.400,0.400,0.100,0.100,0.100,6.700,0.000,0.200,6.700,0.000,0.000,0.000,7480.400,-0.000,-0.000,0.000,6552.000,-0.000,-0.000,0.000,-0.000,574.000,486.000,-1.000,0.800,0.000,255.400,0.000,0.100,0.000,0.000,0.000,0.100,0.000,0.100,0.500,0.500,1.000,0.500,0.000,0.500,0.000,0.100,1.000,0.000,0.000,1.000,0.000,75.300,-1.000,-1.000,-1.000,0.200,-1.000,-1.000,-1.000,,,,,,,,,,,,,,,,,,,,,,,,,,,,,,,,,,,,,,,,,,,,,1.000,0.000,0.000,1285.000,18811.000,-1.000,0.000,4.000,0.000,0.000,151.000,0.000,0.000,133.000,0.000,0.000,0.000,0.000,0.000,0.000,0.000,0.000,0.000,178.000,0.000,0.000,0.000,0.000,0.000,0.000,0.000,0.000,0.000,0.000,0.000,0.000,0.000
2017-06-30,08:12:24,0.000,0.000,0.000,0.000,0.100,0.000,0.000,0.100,0.100,0.100,0.000,0.200,0.000,2.000,0.000,0.000,0.000,0.000,0.000,0.000,0.000,0.000,0.000,0.000,0.000,0.000,0.000,0.000,6.700,0.000,0.200,6.700,0.000,0.000,0.000,7480.400,-0.000,-0.000,0.000,6552.700,-0.000,-0.000,0.000,-0.000,574.000,485.200,-1.000,0.800,0.000,255.400,0.000,0.200,0.400,0.600,0.400,0.200,0.600,0.800,1.300,1.200,2.500,1.300,0.400,1.200,0.400,0.800,2.500,0.800,0.800,1.000,0.000,90.200,-1.000,-1.000,-1.000,0.300,-1.000,-1.000,-1.000,,,,,,,,,,,,,,,,,,,,,,,,,,,,,,,,,,,,,,,,,,,,,2.000,0.000,0.000,1285.000,18811.000,-1.000,0.000,0.000,0.000,0.000,669.000,0.000,0.000,326.000,0.000,0.000,0.000,0.000,0.000,0.000,0.000,0.000,0.000,445.000,0.000,0.000,0.000,0.000,0.000,0.000,0.000,0.000,0.000,0.000,0.000,0.000,0.000
2017-06-30,08:12:34,0.100,0.000,0.000,0.100,0.000,0.100,0.000,0.100,0.100,0.000,0.000,0.100,0.000,2.000,8.000,8.000,8.000,0.200,0.200,0.000,0.000,0.000,0.800,0.800,0.800,0.100,0.100,0.100,6.700,0.000,0.200,6.700,0.000,0.000,0.000,7480.400,-0.000,-0.000,0.000,6552.500,-0.000,-0.000,0.000,-0.000,574.000,485.500,-1.000,0.800,0.000,255.400,0.000,0.000,0.000,0.000,0.000,0.000,0.000,0.000,0.200,0.200,0.400,0.200,0.000,0.200,0.000,0.000,0.400,0.000,0.000,1.000,0.000,78.900,-1.000,-1.000,-1.000,0.200,-1.000,-1.000,-1.000,,,,,,,,,,,,,,,,,,,,,,,,,,,,,,,,,,,,,,,,,,,,,0.000,0.000,0.000,1285.000,18811.000,-1.000,0.000,8.000,0.000,0.000,150.000,1.000,0.000,183.000,0.000,0.000,0.000,0.000,0.000,0.000,0.000,0.000,0.000,228.000,0.000,0.000,0.000,0.000,0.000,0.000,0.000,0.000,0.000,0.000,0.000,0.000,0.000
2017-06-30,08:12:44,0.100,0.000,0.000,0.100,0.100,0.100,0.000,0.200,0.100,0.100,0.000,0.200,0.000,2.000,4.000,4.000,4.000,0.100,0.100,0.000,0.000,0.000,0.400,0.400,0.400,0.100,0.100,0.100,6.700,0.000,0.200,6.700,0.000,0.000,0.000,7480.400,-0.000,-0.000,0.000,6552.500,-0.000,-0.000,0.000,-0.000,574.000,485.600,-1.000,0.800,0.000,255.400,0.000,0.200,0.400,0.800,0.400,0.200,0.800,1.000,1.100,1.100,2.200,1.100,0.400,1.100,0.400,1.000,2.200,0.800,0.800,1.000,0.000,93.100,-1.000,-1.000,-1.000,0.200,-1.000,-1.000,-1.000,,,,,,,,,,,,,,,,,,,,,,,,,,,,,,,,,,,,,,,,,,,,,1.000,0.000,0.000,1285.000,18811.000,-1.000,0.000,4.000,0.000,0.000,407.000,0.000,0.000,321.000,0.000,0.000,0.000,0.000,0.000,0.000,0.000,0.000,0.000,433.000,0.000,0.000,0.000,0.000,0.000,0.000,0.000,0.000,0.000,0.000,0.000,0.000,0.000
2017-06-30,08:12:54,0.000,0.000,0.000,0.000,0.000,0.000,0.000,0.000,0.100,0.000,0.000,0.100,0.000,2.000,0.000,0.000,0.000,0.000,0.000,0.000,0.000,0.000,0.000,0.000,0.000,0.000,0.000,0.000,6.700,0.000,0.200,6.700,0.000,0.000,0.000,7480.400,-0.000,-0.000,0.000,6552.400,-0.000,-0.000,0.000,-0.000,574.000,485.700,-1.000,0.800,0.000,255.400,0.000,3.000,0.000,0.200,0.000,3.000,0.200,3.200,2.300,2.400,4.700,2.300,0.000,2.400,0.000,3.200,4.700,0.000,0.000,1.000,0.000,78.700,-1.000,-1.000,-1.000,0.200,-1.000,-1.000,-1.000,,,,,,,,,,,,,,,,,,,,,,,0.100,0.050,0.050,0.000,1180388.000,66072.000,24312.000,1127596.000,12852.000,2.000,0.000,,,,,,,,,,,,1.000,0.000,0.000,1285.000,18811.000,-1.000,0.000,0.000,0.000,0.000,173.000,0.000,0.000,137.000,0.000,0.000,0.000,0.000,0.000,0.000,0.000,0.000,0.000,182.000,0.000,0.000,0.000,0.000,0.000,0.000,0.000,0.000,0.000,0.000,0.000,0.000,0.000
2017-06-30,08:13:04,0.000,0.100,0.000,0.100,0.200,0.100,0.000,0.300,0.100,0.100,0.000,0.200,0.000,2.000,0.000,0.000,0.000,0.000,0.000,0.000,0.000,0.000,0.000,0.000,0.000,0.000,0.000,0.000,6.700,0.000,0.200,6.700,0.000,0.000,0.000,7480.400,-0.000,-0.000,0.000,6552.600,-0.000,-0.000,0.000,-0.000,574.000,485.400,-1.000,0.800,0.000,255.400,0.000,2.200,0.400,1.300,0.400,2.200,1.300,3.500,10.200,10.200,20.400,10.200,0.400,10.200,0.400,3.500,20.400,0.800,0.800,1.000,0.000,112.100,-1.000,-1.000,-1.000,0.200,-1.000,-1.000,-1.000,,,,,,,,,,,,,,,,,,,,,,,,,,,,,,,,,,,,,,,,,,,,,1.000,0.000,0.000,1285.000,18811.000,-1.000,0.000,0.000,0.000,0.000,755.000,0.000,0.000,469.000,0.000,0.000,0.000,0.000,0.000,0.000,0.000,0.000,0.000,27.000,0.000,0.000,0.000,0.000,0.000,0.000,0.000,0.000,0.000,0.000,0.000,0.000,0.000
2017-06-30,08:13:14,0.100,0.000,0.000,0.100,0.100,0.000,0.000,0.100,0.100,0.000,0.000,0.100,0.000,2.000,5.000,5.000,5.000,0.200,0.100,0.000,0.000,0.000,2.000,2.000,2.000,0.400,0.400,0.400,6.700,0.000,0.200,6.700,0.000,0.000,0.000,7480.400,-0.000,-0.000,0.000,6552.500,-0.000,-0.000,0.000,-0.000,574.000,485.500,-1.000,0.800,0.000,255.400,0.000,0.100,0.000,0.000,0.000,0.100,0.000,0.100,0.500,0.500,1.000,0.500,0.000,0.500,0.000,0.100,1.000,0.000,0.000,1.000,0.000,74.900,-1.000,-1.000,-1.000,0.200,-1.000,-1.000,-1.000,,,,,,,,,,,,,,,,,,,,,,,,,,,,,,,,,,,,,,,,,,,,,0.000,0.000,0.000,1285.000,18811.000,-1.000,0.000,20.000,0.000,0.000,151.000,0.000,0.000,133.000,0.000,0.000,0.000,0.000,0.000,0.000,0.000,0.000,0.000,0.000,0.000,0.000,0.000,0.000,0.000,0.000,0.000,0.000,0.000,0.000,0.000,0.000,0.000
2017-06-30,08:13:24,0.000,0.100,0.000,0.100,0.100,0.100,0.000,0.200,0.100,0.100,0.000,0.200,0.000,2.000,0.000,0.000,0.000,0.000,0.000,0.000,0.000,0.000,0.000,0.000,0.000,0.000,0.000,0.000,6.700,0.000,0.200,6.700,0.000,0.000,0.000,7480.400,-0.000,-0.000,0.000,6552.400,-0.000,-0.000,0.000,-0.000,574.000,485.700,-1.000,0.800,0.000,255.400,0.000,0.100,0.400,0.700,0.400,0.100,0.700,0.800,1.000,1.000,2.000,1.000,0.400,1.000,0.400,0.800,2.000,0.800,0.800,1.000,0.000,90.500,-1.000,-1.000,-1.000,0.300,-1.000,-1.000,-1.000,,,,,,,,,,,,,,,,,,,,,,,,,,,,,,,,,,,,,,,,,,,,,1.000,0.000,0.000,1285.000,18811.000,-1.000,0.000,0.000,0.000,0.000,410.000,0.000,0.000,320.000,0.000,0.000,0.000,0.000,0.000,0.000,0.000,0.000,0.000,0.000,0.000,0.000,0.000,0.000,0.000,0.000,0.000,0.000,0.000,0.000,0.000,0.000,0.000
2017-06-30,08:13:34,0.000,0.000,0.000,0.000,0.100,0.000,0.000,0.100,0.100,0.000,0.000,0.100,0.000,2.000,0.000,0.000,0.000,0.000,0.000,0.000,0.000,0.000,0.000,0.000,0.000,0.000,0.000,0.000,6.700,0.000,0.200,6.700,0.000,0.000,0.000,7480.400,-0.000,-0.000,0.000,6552.100,-0.000,-0.000,0.000,-0.000,574.000,486.000,-1.000,0.800,0.000,255.400,0.000,0.200,0.000,0.100,0.000,0.200,0.100,0.300,1.000,1.000,2.000,1.000,0.000,1.000,0.000,0.300,2.000,0.000,0.000,1.000,0.000,80.200,-1.000,-1.000,-1.000,0.200,-1.000,-1.000,-1.000,,,,,,,,,,,,,,,,,,,,,,,0.100,0.050,0.050,0.000,1180388.000,65828.000,24312.000,1127596.000,12852.000,2.000,0.000,,,,,,,,,,,,2.000,0.000,0.000,1285.000,18811.000,-1.000,0.000,0.000,0.000,0.000,158.000,1.000,0.000,187.000,0.000,0.000,0.000,0.000,0.000,0.000,0.000,0.000,0.000,0.000,0.000,0.000,0.000,0.000,0.000,0.000,0.000,0.000,0.000,0.000,0.000,0.000,0.000
2017-06-30,08:13:44,0.100,0.100,0.000,0.200,0.000,0.000,0.000,0.000,0.100,0.100,0.000,0.200,0.000,2.000,4.000,4.000,4.000,0.100,0.200,0.000,0.000,0.000,0.400,0.400,0.400,0.100,0.100,0.100,6.700,0.000,0.200,6.700,0.000,0.000,0.000,7480.400,-0.000,-0.000,0.000,6552.000,-0.000,-0.000,0.000,-0.000,574.000,486.100,-1.000,0.800,0.000,255.400,0.000,0.100,0.400,0.600,0.400,0.100,0.600,0.700,1.000,1.000,2.000,1.000,0.400,1.000,0.400,0.700,2.000,0.800,0.800,1.000,0.000,89.000,-1.000,-1.000,-1.000,0.200,-1.000,-1.000,-1.000,,,,,,,,,,,,,,,,,,,,,,,,,,,,,,,,,,,,,,,,,,,,,2.000,0.000,0.000,1285.000,18811.000,-1.000,0.000,4.000,0.000,0.000,404.000,0.000,0.000,318.000,0.000,0.000,0.000,0.000,0.000,0.000,0.000,0.000,0.000,131.000,0.000,0.000,0.000,0.000,0.000,0.000,0.000,0.000,0.000,0.000,0.000,0.000,0.000
2017-06-30,08:13:54,0.000,0.000,0.000,0.000,0.100,0.100,0.000,0.200,0.100,0.000,0.000,0.100,0.000,2.000,4.000,4.000,4.000,0.000,0.000,0.000,0.000,0.000,0.800,0.800,0.800,0.200,0.200,0.200,6.700,0.000,0.200,6.700,0.000,0.000,0.000,7480.400,-0.000,-0.000,0.000,6552.000,-0.000,-0.000,0.000,-0.000,574.000,486.200,-1.000,0.800,0.000,255.400,0.000,3.000,0.000,0.300,0.000,3.000,0.300,3.300,2.200,2.300,4.500,2.200,0.000,2.300,0.000,3.300,4.500,0.000,0.000,1.000,0.000,78.800,-1.000,-1.000,-1.000,0.200,-1.000,-1.000,-1.000,,,,,,,,,,,,,,,,,,,,,,,,,,,,,,,,,,,,,,,,,,,,,0.000,0.000,0.000,1285.000,18811.000,-1.000,0.000,8.000,0.000,0.000,172.000,0.000,0.000,138.000,0.000,0.000,0.000,0.000,0.000,0.000,0.000,0.000,0.000,183.000,0.000,0.000,0.000,0.000,0.000,0.000,0.000,0.000,0.000,0.000,0.000,0.000,0.000
2017-06-30,08:14:04,0.100,0.000,0.000,0.100,0.100,0.100,0.000,0.200,0.100,0.100,0.000,0.200,0.000,2.000,0.000,0.000,0.000,0.000,0.000,0.000,0.000,0.000,0.000,0.000,0.000,0.000,0.000,0.000,6.700,0.000,0.200,6.700,0.000,0.000,0.000,7480.400,-0.000,-0.000,0.000,6553.600,-0.000,-0.000,0.000,-0.000,574.000,485.000,-1.000,0.800,0.000,255.400,0.000,2.100,0.400,1.200,0.400,2.100,1.200,3.300,9.300,9.300,18.600,9.300,0.400,9.300,0.400,3.300,18.600,0.800,0.800,1.000,0.000,114.700,-1.000,-1.000,-1.000,0.200,-1.000,-1.000,-1.000,,,,,,,,,,,,,,,,,,,,,,,,,,,,,,,,,,,,,,,,,,,,,1.000,0.000,0.000,1285.000,18811.000,-1.000,0.000,0.000,0.000,0.000,1006.000,0.000,0.000,473.000,0.000,0.000,0.000,0.000,0.000,0.000,0.000,0.000,0.000,600.000,0.000,0.000,0.000,0.000,0.000,0.000,0.000,0.000,0.000,0.000,0.000,0.000,0.000
2017-06-30,08:14:14,0.100,0.000,0.000,0.100,0.000,0.000,0.000,0.000,0.100,0.100,0.000,0.200,0.000,2.000,4.000,4.000,4.000,0.200,0.200,0.000,0.000,0.000,0.400,0.400,0.400,0.100,0.100,0.100,6.700,0.000,0.200,6.700,0.000,0.000,0.000,7480.400,-0.000,-0.000,0.000,6553.500,-0.000,-0.000,0.000,-0.000,574.000,485.100,-1.000,0.800,0.000,255.400,0.000,0.000,0.000,0.100,0.000,0.000,0.100,0.100,0.400,0.400,0.800,0.400,0.000,0.400,0.000,0.100,0.800,0.000,0.000,1.000,0.000,78.400,-1.000,-1.000,-1.000,0.200,-1.000,-1.000,-1.000,,,,,,,,,,,,,,,,,,,,,,,,,,,,,,,,,,,,,,,,,,,,,1.000,0.000,0.000,1285.000,18811.000,-1.000,0.000,4.000,0.000,0.000,150.000,0.000,0.000,133.000,0.000,0.000,0.000,0.000,0.000,0.000,0.000,0.000,0.000,178.000,0.000,0.000,0.000,0.000,0.000,0.000,0.000,0.000,0.000,0.000,0.000,0.000,0.000
2017-06-30,08:14:24,0.000,0.000,0.000,0.000,0.100,0.100,0.000,0.200,0.100,0.000,0.000,0.100,0.000,2.000,0.000,0.000,0.000,0.000,0.000,0.000,0.000,0.000,0.000,0.000,0.000,0.000,0.000,0.000,6.700,0.000,0.200,6.700,0.000,0.000,0.000,7480.400,-0.000,-0.000,0.000,6553.500,-0.000,-0.000,0.000,-0.000,574.000,485.200,-1.000,0.800,0.000,255.400,0.000,0.200,0.400,0.700,0.400,0.200,0.700,0.900,1.300,1.300,2.600,1.300,0.400,1.300,0.400,0.900,2.600,0.800,0.800,1.000,0.000,91.700,-1.000,-1.000,-1.000,0.300,-1.000,-1.000,-1.000,,,,,,,,,,,,,,,,,,,,,,,,,,,,,,,,,,,,,,,,,,,,,1.000,0.000,0.000,1285.000,18811.000,-1.000,0.000,0.000,0.000,0.000,410.000,0.000,0.000,322.000,0.000,0.000,0.000,0.000,0.000,0.000,0.000,0.000,0.000,438.000,0.000,0.000,0.000,0.000,0.000,0.000,0.000,0.000,0.000,0.000,0.000,0.000,0.000
2017-06-30,08:14:34,0.100,0.000,0.000,0.100,0.000,0.000,0.000,0.000,0.100,0.100,0.000,0.200,0.000,2.000,8.000,8.000,8.000,0.300,0.300,0.000,0.000,0.000,0.800,0.800,0.800,0.100,0.100,0.100,6.700,0.000,0.200,6.700,0.000,0.000,0.000,7480.400,-0.000,-0.000,0.000,6553.300,-0.000,-0.000,0.000,-0.000,574.000,485.500,-1.000,0.800,0.000,255.400,0.000,0.000,0.000,0.000,0.000,0.000,0.000,0.000,0.200,0.200,0.400,0.200,0.000,0.200,0.000,0.000,0.400,0.000,0.000,1.000,0.000,77.900,-1.000,-1.000,-1.000,0.200,-1.000,-1.000,-1.000,,,,,,,,,,,,,,,,,,,,,,,,,,,,,,,,,,,,,,,,,,,,,0.000,0.000,0.000,1285.000,18811.000,-1.000,0.000,8.000,0.000,0.000,150.000,0.000,0.000,181.000,0.000,0.000,0.000,0.000,0.000,0.000,0.000,0.000,0.000,227.000,0.000,0.000,0.000,0.000,0.000,0.000,0.000,0.000,0.000,0.000,0.000,0.000,0.000
2017-06-30,08:14:44,0.100,0.100,0.000,0.200,0.100,0.000,0.000,0.100,0.100,0.000,0.000,0.100,0.000,2.000,5.300,5.300,5.300,0.100,0.100,0.000,0.000,0.000,1.600,1.600,1.600,0.300,0.300,0.300,6.700,0.000,0.200,6.700,0.000,0.000,0.000,7480.400,-0.000,-0.000,0.000,6553.300,-0.000,-0.000,0.000,-0.000,574.000,485.600,-1.000,0.800,0.000,255.400,0.000,0.200,0.400,0.700,0.400,0.200,0.700,0.900,1.200,1.200,2.400,1.200,0.400,1.200,0.400,0.900,2.400,0.800,0.800,1.000,0.000,92.800,-1.000,-1.000,-1.000,0.200,-1.000,-1.000,-1.000,,,,,,,,,,,,,,,,,,,,,,,,,,,,,,,,,,,,,,,,,,,,,1.000,0.000,0.000,1285.000,18811.000,-1.000,0.000,16.000,0.000,0.000,407.000,1.000,0.000,320.000,0.000,0.000,0.000,0.000,0.000,0.000,0.000,0.000,0.000,432.000,0.000,0.000,0.000,0.000,0.000,0.000,0.000,0.000,0.000,0.000,0.000,0.000,0.000
2017-06-30,08:14:54,0.000,0.000,0.000,0.000,0.000,0.100,0.000,0.100,0.100,0.100,0.000,0.200,0.000,2.000,0.000,0.000,0.000,0.000,0.000,0.000,0.000,0.000,0.000,0.000,0.000,0.000,0.000,0.000,6.700,0.000,0.200,6.700,0.000,0.000,0.000,7480.400,-0.000,-0.000,0.000,6553.300,-0.000,-0.000,0.000,-0.000,574.000,485.800,-1.000,0.800,0.000,255.400,0.000,3.000,0.000,0.200,0.000,3.000,0.200,3.200,2.100,2.200,4.300,2.100,0.000,2.200,0.000,3.200,4.300,0.000,0.000,1.000,0.000,79.100,-1.000,-1.000,-1.000,0.200,-1.000,-1.000,-1.000,,,,,,,,,,,,,,,,,,,,,,,,,,,,,,,,,,,,,,,,,,,,,1.000,0.000,0.000,1285.000,18811.000,-1.000,0.000,0.000,0.000,0.000,172.000,0.000,0.000,138.000,0.000,0.000,0.000,0.000,0.000,0.000,0.000,0.000,0.000,183.000,0.000,0.000,0.000,0.000,0.000,0.000,0.000,0.000,0.000,0.000,0.000,0.000,0.000
2017-06-30,08:15:04,0.100,0.000,0.000,0.100,0.200,0.100,0.000,0.300,0.100,0.100,0.000,0.200,0.000,2.000,0.000,0.000,0.000,0.000,0.000,0.000,0.000,0.000,0.000,0.000,0.000,0.000,0.000,0.000,6.700,0.000,0.200,6.700,0.000,0.000,0.000,7480.400,-0.000,-0.000,0.000,6546.300,-0.000,-0.000,0.000,-0.000,574.000,485.500,-1.000,0.800,0.000,255.400,0.000,2.400,0.400,1.300,0.400,2.400,1.300,3.700,12.300,12.200,24.500,12.300,0.400,12.200,0.400,3.700,24.500,0.800,0.800,1.000,0.000,118.900,-1.000,-1.000,-1.000,0.200,-1.000,-1.000,-1.000,,,,,,,,,,,,,,,,,,,,,,,0.100,0.050,0.050,0.000,1180388.000,65592.000,24312.000,1127596.000,12852.000,13.000,0.000,,,,,,,,,,,,1.000,0.000,0.000,1285.000,18811.000,-1.000,0.000,0.000,0.000,0.000,778.000,0.000,0.000,479.000,0.000,0.000,0.000,0.000,0.000,0.000,0.000,0.000,0.000,870.000,0.000,0.000,0.000,0.000,0.000,0.000,0.000,0.000,0.000,0.000,0.000,0.000,0.000
2017-06-30,08:15:14,0.000,0.000,0.000,0.000,0.100,0.000,0.000,0.100,0.100,0.000,0.000,0.100,0.000,2.000,4.000,4.000,4.000,0.200,0.200,0.000,0.000,0.000,0.800,0.800,0.800,0.200,0.200,0.200,6.700,0.000,0.200,6.700,0.000,0.000,0.000,7480.400,-0.000,-0.000,0.000,6546.200,-0.000,-0.000,0.000,-0.000,574.000,485.600,-1.000,0.800,0.000,255.400,0.000,0.100,0.000,0.000,0.000,0.100,0.000,0.100,0.700,0.700,1.400,0.700,0.000,0.700,0.000,0.100,1.400,0.000,0.000,1.000,0.000,76.300,-1.000,-1.000,-1.000,0.200,-1.000,-1.000,-1.000,,,,,,,,,,,,,,,,,,,,,,,,,,,,,,,,,,,,,,,,,,,,,0.000,0.000,0.000,1285.000,18811.000,-1.000,0.000,8.000,0.000,0.000,153.000,0.000,0.000,135.000,0.000,0.000,0.000,0.000,0.000,0.000,0.000,0.000,0.000,180.000,0.000,0.000,0.000,0.000,0.000,0.000,0.000,0.000,0.000,0.000,0.000,0.000,0.000
2017-06-30,08:15:24,0.000,0.000,0.000,0.000,0.000,0.000,0.000,0.000,0.100,0.100,0.000,0.200,0.000,2.000,0.000,0.000,0.000,0.000,0.000,0.000,0.000,0.000,0.000,0.000,0.000,0.000,0.000,0.000,6.700,0.000,0.200,6.700,0.000,0.000,0.000,7480.400,-0.000,-0.000,0.000,6546.100,-0.000,-0.000,0.000,-0.000,574.000,485.700,-1.000,0.800,0.000,255.400,0.000,0.200,0.400,0.800,0.400,0.200,0.800,1.000,1.000,1.000,2.000,1.000,0.400,1.000,0.400,1.000,2.000,0.800,0.800,1.000,0.000,88.500,-1.000,-1.000,-1.000,0.300,-1.000,-1.000,-1.000,,,,,,,,,,,,,,,,,,,,,,,,,,,,,,,,,,,,,,,,,,,,,1.000,0.000,0.000,1285.000,18811.000,-1.000,0.000,0.000,0.000,0.000,434.000,0.000,0.000,319.000,0.000,0.000,0.000,0.000,0.000,0.000,0.000,0.000,0.000,436.000,0.000,0.000,0.000,0.000,0.000,0.000,0.000,0.000,0.000,0.000,0.000,0.000,0.000
