PID,Name,StartDate,StartTime,EndDate,EndTime,CommandLine
3036,docker-proxy,2017-06-30,08:00:56,2017-06-30,08:14:47,""
411,rngd,2017-06-30,08:01:06,2017-06-30,08:15:17,""
418,rsyslogd,2017-06-30,08:01:26,2017-06-30,08:15:17,""
777,dockerd,2017-06-30,08:00:56,2017-06-30,08:15:17,""
994,docker-containe,2017-06-30,08:00:56,2017-06-30,08:14:57,""
17,rcu_sched,2017-06-30,08:00:46,2017-06-30,08:15:27,""
3185,redis-server,2017-06-30,08:00:46,2017-06-30,08:15:27,""
20,rcuos/2,2017-06-30,08:07:46,2017-06-30,08:07:46,""
3095,redis-server,2017-06-30,08:00:46,2017-06-30,08:15:27,""
12,rcuob/3,2017-06-30,08:00:36,2017-06-30,08:00:36,""
21,rcuos/3,2017-06-30,08:01:16,2017-06-30,08:01:16,""
25,rcuos/7,2017-06-30,08:00:56,2017-06-30,08:15:17,""
2630,collectd,2017-06-30,08:01:06,2017-06-30,08:13:46,""
292,systemd-journal,2017-06-30,08:01:26,2017-06-30,08:15:17,""
3241,rightlink,2017-06-30,08:00:56,2017-06-30,08:15:17,""
996,google_accounts,2017-06-30,08:01:26,2017-06-30,08:15:17,""
29135,nmon,2017-06-30,08:05:16,2017-06-30,08:11:26,""
-1,redis-server,2017-06-30,08:00:46,292278994-08-17,02:12:55,"all redis-server processes"
